text,true_label,predicted_label,confidence
"I could do with some help right now I don't really know where to post so I'm doing it here. Hi I'm Eli and im a university student in the UK. Over the past few months my mental health has regressed into the worst state it has ever been in, coming off a major highpoint in the summer. This boom slump cycle is regular for me as I have a form of bipolar, however this current slump is the worst I've ever had experienced and I don't know where to look for help. I've lost all interest in studying, in designing clothes and playing music, all my favourite hobbies now feel useless as my mental health deteriorates. To try combat this slump I've cut off distractions such as videogames and films in an effort to focus on the problem, however thats made everything worse and now I lay in bed all day not being able to sleep but being too tired to get up, i think about dying regularly however I promised my girlfriend that I would never go through with it. My girlfriend also suffers with severe mental health issues and confiding in her makes me feel as though I would worsen her state. I'm so stuck in my life and really need a boost, does anyone know how to make a positive change to stop this episode because I'm scared what might happen if it carries on.",depression,bipolar,0.847094714641571
"I realized yesterday that I have no idea what it feels like to not go out somewhere and wish I looked like someone else. I asked my husband if that ever happened to him. Never he said. It never occurred to me that another person would never feel or think that way. My parents really did a fucking number on me. I m so pissed off about it right now. How crazy is that? It never mattered how skinny I was or the makeup I wore. I was always too fat, too ugly, a slut, unloved. I was spit on, abused - sexually, physically, mentally, emotionally...and I ve been a roller coaster of anger and confused and numb in years since. Now I m just... well, I m on this sub. I m depressed. A deep and strange kind of depression. I m always just so numb. Everything is white noise. It s relatively high functioning. I have CPTSD. I have a pretty decent life now, and I can t make friends and I have no interests really. I don t know how to forge real connections with people and I just wish there was someone I could talk to who really understood me. Mostly, I just wish I could look in the mirror and not wish I felt so inadequate.",depression,ptsd,0.9359068274497986
"Finding a job when depressed is impossible. Finding new job I stressful by its nature for anybody. But when you depressed it gets million times harder. Fact of not haveing no job a specially if you have absolutely no savings is hard. Amounts of stress are incredible and thoughts spiralling arround head aren't marking it any easier. And there comes depression when doing anything seems like impossible amount of effort. So even if I make myself to apply and get to interview it is all for nothing. There is absolutely no one who would hire me I know I wouldn't. Everyone looks for someone happy, enthusiastic someone they will like to work with. There os no chance in the world they will like me I don't so why anyone would. Another think is when I think how I lost mu previous job. I have been harassed and discriminated for long time. My manager was not being but hostile towards me to over a year. I know is not how everyone behaves but it makes me feel worse. At this point I have no job and no perspective to get one. I have no job so I have no money and I mean 0 nothing. I can't pay bills, rent, buy food. I can't sleep my thoughts keep spinning arround everything. I keep thinking about killing myself. Not only because I'm depressed AF but I don't want to end up on street. I can't find anything to hold on to. I've been suicidal before hell I tried to kill myself but this time is bad it is really bad. I lost all hope. I can't stand other people. I'm lost.",bipolar,depression,0.959949254989624
"I m really sick right now I m having a bad time. I don t know how to let anyone know I need help. I m not suicidal but I keep thinking of ways I could end my life. I m bored. Like, I m not enjoying anything. I just feel... weird. Off. What do I do?",bipolar,depression,0.9745720028877258
"Anyone have any resources for how to deal with aggressive ppl? Or like a sub about how to deal with aggressive ppl, IRL and online. Even wikipedia articles would be good, but i didn't have a good idea of search terms to use.",depression,bipolar,0.7054128646850586
"debtpression be me 30k y/job 40k student loans payed 15k of student loans still owe 35k also be me rent 1230/month other bills 800/month how afford bills cant find out yesterday i owe gov 3k in taxes because wrote ""exempt"" on w4 misread w4 in 2017 more in debt new tax code #trump cant write off 6k business expense cant apply for extension cause owe money be me want to kill self can't life insurance only 25k debtpression #x200B; #x200B; #x200B; #x200B;",depression,bipolar,0.7152407169342041
Donald trump news conference Anyone just watch this live? Pretty sure he was referring to mentally ill as sickos and that we need to be institutionalized wtf?,bipolar,normal,0.9814072847366333
"Screaming for help, nobody listens I'm currently very suicidal and heading towards breaking point. I've been hospitalized recently, but released with essentially nothing done except a change of meds. These meds seem to be making me worse I've asked for help from my family and friends. Ive asked for help from professionals. I am still in the same position as before, but maybe worse as I now know that asking for help results in nothing. I also feel that people downplay the seriousness of what I'm going through, as if I'm just being dramatic or attention seeking. Little do they know, it's way worse than what I can even vocalise I'm now at the point where I want to push everyone away, so that when I do die people won't be so hurt. The only thing stopping me right now is knowing how many people will be hurt by my actions Is there some magic pill or cure that I'm missing? Some way out of the dark that I'm oblivious to? As right now it seems my options are exhausted",depression,bipolar,0.9869585633277893
"i m making impulsive choices again lately a lot has been going on in my life.. i ve been making really irrational decisions and thinking about hurting myself. i even considered buying a switchblade just to cut myself with.. and i don t know why. my life is decently okay right now, my family is tame, but somehow i still feel terrible and trapped in my own head. i want to drop a friend of mine who i ve known online for 3 years. we have met multiple times and they know my deepest secrets. i just don t know how to go about doing it. i know this post is all over the place but.. please help me? i need tips on dropping a close friend.",bipolar,depression,0.9965696334838867
(Trigger Warning) Starting Outpatient/ Recently diagnosed with panic disorder I got diagnosed with panic disorder about a month ago and it has been a pretty tough time to say the least. (Possibly triggering i say this bc this gives me anxiety) Many hospital visits where i thought i was dying. I ve been struggling a lot and getting a referral for outpatient has taken what feels like forever. I sometimes feel like I m the only one who feels like this so if you ve had hospital visits for the same thing please share if you d like. Anyways i finally got accepted for outpatient and i feel relieved to finally get the extra support and help i need. I feel hopeful things will get better one day even if I m not okay today.,anxiety,ptsd,0.7747334837913513
"Should I delete this friend request - Was mean to a guy in high school - Felt guilty about this for years and avoided him by not adding him as a friend on Facebook - Recently bumped into him a lot - Finally apologised and sent him a FB friend request afterwards (although I think he will find it odd) - He never accepted it - Recently met him during an event, asked him to take a photo with him, he awkwardly accepted, asked if I can add him on Facebook to tag him, and he awkwardly said yes again - Still haven't accepted friend request - Sent him photos via Messenger and he didn't read it Shouls I delete the FB friend request and pretend nothing happened? Now I am scared I am creeping this guy with my change in attitude. I am also scared if he will think I have ulterior motives when it comes to suddenly adding him as a FB friend after avoiding him for years.",anxiety,normal,0.8091096878051758
"I want to die peacefully in my sleep, like my grandpa. Not screaming in terror, like the people on the back of his pick-up.",normal,ptsd,0.9845829010009766
"I only ever feel worse after being social I put on a brave face and head out with friends. There are moments when I'm with people where I feel good, or at least forget how shit I feel. But I get home and feel more alone than when I left. The silence is louder.",bipolar,depression,0.9900863766670227
"Starting to carry some scissors or something sharp to bed so I can get to sleep faster My mind always decides to start fucking me over as a try to go to sleep every night after having a relatively decent evening, so I carry some scissors or something sharp I can press against my skin to calm me down before I go to sleep. It s becoming more routine now and I honestly don t even really want to stop it. Any advice, suggestions?",depression,anxiety,0.9624773263931274
"Help talking to people? I've been having a lot of extra social anxiety since turning 30 and going off medication. I find myself preoccupied with what to say and panicing inside. Although I feel like I used to be fine? But somehow now I feel so not like myself and out of place, all the time, that I'm just never sure what to say or do? Cheers. **Tl;Dr** Help talking to people and making new friends.",ptsd,anxiety,0.6763486862182617
"Argh. I wasted today because I didn't make a clear plan yesterday. It's rush hour now, so anything I do will have to wait till later. I'm frustrated. My day got a late start and then I wasted time on Reddit avoiding tasks. I'm trying to keep my head above water, maybe I can swim again.",depression,anxiety,0.885606586933136
"How to thwart midnight random racing thoughts? I like to think up fun stories or scenarios to avoid those worrying, terrible, racing thoughts I ll get the rest of my night. My favorites are astronaut puppies adventures, living in the HP universe, pray, what kind of powers I d have, and which book I d live in. What are y alls favorite strategies?",bipolar,anxiety,0.8700706958770752
"My truth! (Just needed to get this off my chest) He told me to start living in my truth. However, to live in my truth I must consider what my truth really is. My truth is realizing that I loved him as much as I love her. My truth is I never knew that I could give my whole heart to two people and neither of them feel that they were loved less than the other. My truth was realizing that I wanted to have my cake in two different flavors. That I wanted them to mix but to never mingle. Perhaps it was arrogant of me to believe that I could eat them to. My truth is that his words were just as meaningful as her voice. My truth is I wanted him to know that saying I love you were not vain words, but that I wanted him to know that I loved him as much as I love her. My truth is that this was not a dream, but it might be too much for his reality. My truth is that I thought he could handle the truth and accept things for the way they were. But the truth is he could not.",normal,depression,0.5555609464645386
"hearing people call my name (I'm not sure if this is the right place to post this) Sometimes when I'm by myself and no one is around, ill hear the voice of my brother, mum, or friend call my name, most of the time it sounds like it's coming from another room, but sometimes it sounds really close to my ear. does anyone else have experience with this?",anxiety,depression,0.4911358952522278
"Someone to talk to Strangers on the internet are apparently the only people I feel comfortable being honest with lmao. I would love a pm buddy to chat with casually if anyone s interested! I feel like maybe having someone that gets it would be nice, and honestly I ve had some pen pals in the past and they have helped me through a lot of stuff! Anyway, message me if you want :) I read the rules so I hope this isn t a violation of anything lol",bipolar,anxiety,0.9334536194801331
"I'm doomed Posted this at r/depression too. I'm really in a bad position right now. Sorry if this seems like a rant but I needed some place to vent this out. Just found this subreddit. I have always been lazy and slow my whole life, not caring about a lot of people who cared about me. My grades at college are okay-ish. Teachers say I'm intelligent but lack any sort of interest in actually working to do better in studies. I've got a university or two in mind I wanna join but things aren't going smoothly for that. My parents are abusive and take every opportunity to mock me for my failures and wish they had a better son. I've had the stammering disorder since I was a kid and it's pretty much ruined my confidence in social interaction. I'm awkward socially and even with my own cousins sometimes. The biggest issue I have is the fact that I secretly apostatised from my faith a year ago and everything went to shit afterwards. My country, Pakistan, holds death penalty for apostasy and my life goal is to immigrate somewhere else. That's basically sent me down a deep anxiety hole I can't seem to escape. I have no idea how I'm going to survive with so much pressure and failures going around my life and so much I want to achieve. I'm practically doomed and don't have the energy to pick myself up again. The future just seems impossible to go through.",anxiety,depression,0.9551069736480713
"Aside from going to my last class today, I haven t really left my house since Saturday. Saturday night is where it all started. I got upset at work over something that happened way in the past and it hit me to where I couldn t focus, couldn t think straight. I made a couple (really dumb/tiny) mistakes like pouring the wrong type of wine, or stepping away from the bar to collect myself....and I got fired for it. I went the dumb, cowardly route, went home, got drunk and lashed out at people I cared about. Slit my wrists. Cried and cried and cried... until there wasn t much left to cry about. I continued to drink all day and all night Sunday. Alone. Didn t really eat. Monday I got a little better, stopped drinking and started trying to figure out where I was going to go from there. I spent most of the day in bed. I ate a grilled cheese sandwich. Today was a little better. I reached out to a professor who is letting me reschedule an exam I wasn t prepared for today. I went to one of my classes and made an appearance. I ate a little more than I did yesterday. Tomorrow I m going to go pick up my last paycheck, print off new resumes, maybe start trying to figure out where to apply next. I m going to schedule an appointment with a counselor. I tried to reach out to the one person I hurt when I was hurting by lashing out... he won t talk to me anymore. I m trying to accept it. I feel like my whole world has been turned upside down and I lost the things that were most important to me. Everyone says everything happens for a reason, I m just trying to be patient and let things be.",depression,ptsd,0.8938860297203064
"I want to move out but my mom is guilt tripping me I've been wanting to move out since I was a teenager for multiple reasons and the opportunity may finally come soon. My friend has been looking to get an apartment with one of his friends. He told me if it happens I could move in with them as long as I could help with bills and buying groceries. I only make 12,000 a year atm so it's all I can contribute until I get my degree in a couple months and find a better job. I told my mom this and she said that if I leave I'll screw her. I help with rent and bills. I also have 2 little brothers and she said they need me. Besides that my mom also made it a point to say if something happens I won't be there to help her. My mom's husband is abusive. It's mostly verbal, emotional abuse but he can get physical. Almost every day there is yelling and things being thrown. I told her I can't live at home forever and I'd rather sleep on a pull out couch in someone's living room than continue to live at home. If I did leave I'd make sure she's settled before doing so. I just want to get out of this environment. It doesn't help with my anxiety and depression. I do feel guilty about leaving my brothers behind though. They live in such a toxic environment and are too young to understand right now. As they get older I don't want them thinking I abandoned them tl;dr: I want to move out but my mother says I will screw her if I do",normal,depression,0.9661294221878052
"Anxiety, Depression and Inaction ** **Hand and hand, they walk together, invited by heredity, magnified through experience; they intrude on our nights and invade our peace. These two demons of wellness ruthlessly turn beauty into sorrow and quietness into catastrophe, disrupting lives, and clouding our futures. Anxiety and depression are common allies, each giving strength to the other and weakening the unsuspecting host. ...",depression,anxiety,0.9857386350631714
bought a new phone when I didn t need one don t know what I was thinking. Was going to get my perfectly functional iPhone SE some new accessories but ended up walking out of the store with a 6S instead :/ still don t feel the pinch yet but im sure I ll regret this later,bipolar,normal,0.6383994221687317
"vegan at a psychiatric hospital? this is random, but i was wondering if anyone that s vegan has ever been admitted on here? what food options did you get? my mental health has been declining so i m curious as to if i were admitted what i d be able to eat lol",bipolar,depression,0.9900330901145935
I have an appointment with a psychiatrist for the first time but I'm scared to go I don't even know what I'm scared of.,depression,anxiety,0.9650260806083679
"Hypoglycemia (low blood sugar) Anyone else experiencing this after diagnosis? I had normal blood glucose levels pre diagnosis (80s-90s) fasting when I got CMPs, just got a CMP for a clinical trial and came back at 63 when I wasn't even completely fasting. Have lost about 15lbs unintentionally with no major diet or exercise changes. My systolic BP has been consistently elevated ~25mmHg too. Can this possibly be attributed to chronically high catecholamines depleting glycogen? I scored 73 on the CAPS-5 with my psych last month, rather severe case.",ptsd,bipolar,0.9973486661911011
My attention is like a magnet Sometimes... almost always... I can't focus on the issue at hand. My attention and the issue are like two positive magnets. The closer I focus my attention the more the issue pushes my attention away. And like a magnet my attention directs toward my cellphone. Fuck. I wonder when I'll get fired.,depression,bipolar,0.6588188409805298
How many of you have an eating disorder? I go through periods of binge eating and then starving..I don't know how to stop it. I'm a healthy weight but I don't want to keep doing this. I have such bad self esteem issues. I tried every eating disorder recovery method known to man. I just can't stop.,bipolar,depression,0.5534250140190125
"Dont know what to do. Hello, I am getting to the end of my tether. I am 40 years old and in the UK with nothing to my name but a room at my grandads house and some money in the bank, I have no friends and my family dont give a shit about me. I have been suffering with something for a long time, im just not sure what it is or how I can get any help. I cant think straight, cant concentrate on anything, cant relax and I cant enjoy anything at all anymore and I am constantly irritated and getting angry because of this. I have always been like this my entire life, I managed to go to uni but after that I started to fall apart. It has up to now, stopped me from keeping a regular job and I cant even leave the house most of the time because of it.... When I think about it, I have been hiding away my entire life, my family has basically just pushed me to one side and im fed up with living like this. I really dont know what I am suppose to do, there does not seem to be any help available anywhere. I cant get a Drs appointment, I have left messages with the mental health team many times and no one gets back to me, i just dont know where to turn anymore. I want to get out and do something before its all over, I just want to find out what is wrong with me and do something about it before its too late, but i really dont know where to start.",anxiety,depression,0.996254563331604
Has anyone ever been able to get just intra nasal ketamine prescribed? I've been on over a dozen drugs that haven't helped. I want to try ketamine therapy. The treatment centers want $500+ per session. I can't afford that. There is intranasal ketamine available that is often prescribed along with IV treatments. Has anyone ever been able to be prescribed just this?,depression,bipolar,0.9883788824081421
"Everything is a Trigger Today I woke up today after a night full of nightmares. I woke up exhausted because even though I slept for 10 hours, it felt like I only slept for 2 hours. My nightmares were all my fears and the reasons I have PTSD. So you can imagine that my anxiety was through the roof and was extremely agitated by the slightest things. I tried to explain this to my S/O in hopes that he would cut me some slack with his jokes. The reason I say this is because his jokes are to push my buttons, buttons that piss me off or scare me. Throughout the day I tried to just be quiet and to just get through this day, but of course my S/O wouldn t have that. So finally, when I started to feel a little better we began to watch a movie. Everything was fine and we were enjoying it. Until he gasped and said babe and gave me a serious look. Obviously a million thought went through my head and my anxiety shot through the roof in a split of a second. Then he says the remote fell behind the couch. So that was it. That was the moment when I couldn t handle it anymore and flew off my rockers. I cursed him like I ve never done before. Then he told me to go to the bedroom. We were quiet for a few second then I got up and went into the bedroom and laid down. He came in and all he said was to never talk to him like that again. I said I m sorry and he turned off the light and left me alone in the bedroom. I don t feel sorry. I don t exactly know how I feel. It s a mixture between anger, hating myself, suicidal thoughts, sadness and hopelessness. I don t know if what I said was that wrong given the circumstances.",ptsd,anxiety,0.6996042132377625
"I think the best thing I ve realized is that I may not be able to walk my entire life I don t know where to share this, so I thought I d share it here since it s such a great community and it s good to think about things you re grateful for. I m thankful I m able bodied. I m thankful for my medication. I may have 20 more years before I could possibly get MS. I might never get it, but I m more likely than the average person. But I m still able bodied now. I can enjoy walking places. I can enjoy climbing and going up stairs upon stairs. I can enjoy the sand and water on my feet. I can enjoy having to stand all day. I might not be able to for my entire life, but knowing that allows me to enjoy my legs, my brain, and my life right now. A lot of people don t get that until they suddenly don t have a limb, or they re old and their body becomes increasingly more frail. Enjoy the moment. Enjoy the little things. Even the fact you re under a ton of blankets cold or have to wait for your car to heat up. I hope we all have a lot more time to enjoy what we have. Sometimes we/I take the time we/I have for granted. 20 years sounds like a lot, but that s only double my age. I hope you all are having a good day. Stay toasty.",bipolar,anxiety,0.6754552125930786
My teenage kid So my daughter has some mental health issues.Panic attacks and self esteem issues thrown in there. Big issue right now is her former friend has turned on her and is telling everyone she is lying about it and that she is a terrible friend and person.But in true teenage fashion she isn't actually telling my daughter just everyone else. She picked up on some cues but didn't know how bad it was until another friend told her.This girl is attempting to turn everyone against my kid.This same girl also has some mental health issues as well. She went through this in middle school as well I'm just so sick of this I'm considering a new school next year.Can't take 2 more years of this. The thing is I know this girl won't drop this at all she would beat a dead horse.I'm losing sleep and I'm totally stressed out and becoming depressed. Just so unsure of this and in really don't know how to handle it.Any help\advice would be good. Children are Just so terrible to each other.,depression,anxiety,0.9966926574707031
"Do you ever have days where it feels like you re a target? I don t know why yet but I ve been noticing I have days where people are say things or get angry or lash out and I feel like nothing I do is right or enough to make anyone happy. It always makes me emotional, which I m not usually these days. I am trying to figure out the reasons behind these days and why I m feeling this way but as of yet I can t figure out the trigger behind it. How do you handle it when it feels like this? Is it anxiety related? Or is this what life is like for everyone? Because I really wouldn t know.",ptsd,anxiety,0.9961144924163818
"Please help me i don t know what to do anymore. I m an 18 year old male that has made some pretty bad decisions in my life. Some of these stupid choices influence my life today, like doing LSD. Lemme start by saying I used to be a pretty heavy user of weed and acid. However, one day while under the influence of the LSD, i messed around with two lighters and accidentally burned my eyes pretty bad. Oh this didn t happen not once, but twice. Twice I burned my eyes pretty bad while tripping. The first time I did it, I was pretty worried that my eyelashes wouldn t grow back because they were singed pretty bad. The second time was even worse. Then for some odd fucking reason, I couldn t do anything without burning myself. It being lighting a cig, smoking a blunt, etc. Every single time I would smoke, I would get smoke in my eyes that would further fuck up the look of my eyelashes. At one point, I had nice, long eyelashes, but ever since all that stuff happened to me, they just look singed and much shorter than they used to be. I m now terrified of pretty much anything hot. Lighters, heaters, ovens, smoke, FUCKING VAPE SMOKE. It seems like just about everything will trigger me into hours of compulsions that involve me sitting in front of a mirror to make sure I didn t hurt myself again. I tried smoking weed for the first time in months yesterday, but I was too afraid of the flame, so my friend had to light the bong for my while I covered my eyes. How crazy does that sound? Going through this everyday is killing me. Looking at myself and seeing WHAT I DID, is killing me. I can t even talk to anyone about this because everyone just thinks it s crazy, and I think they re right. I got on medication a little while back, but it hasn t been helping very well. At this point, I m just lost and don t know what to do..",ptsd,depression,0.623031735420227
"Go to work, exercise, go home Im feeling kind of depressed about my life. I do jackshit, and it's extremely difficult for me to meet new people in this world. Im so fucking sad that meeting women is such a far off possibility for me. I have two parents and a brother but I'm starting to feel like they are a bit toxic themselves. I'm trying my best to take some responsibility for where i am at right now but i just don't see the point in trying anymore if I'm just going to live the rest of my life online.",anxiety,depression,0.9971135854721069
"I feel very alone even though I know I am not. I have amazing friends that really love me and care about me. I feel so so blessed to have them in my life through all my shit and they help me so much. That being said I cannot shake the feeling that everything they say they feel about me is a lie an in actuality they hate me. None of this is supported in any way either. When I am level headed I know that they do really care for me but sometimes I just convince myself that one person hates me and then it spirals out of control. It makes me feel crazy, like I m broken and worthless, it makes me want to punish myself and has resulted in some minor self harm when things get really bad. Fucking sucks.",anxiety,depression,0.9940887689590454
"Bad genie So I found a genie a while back and I still haven t gotten two of my wishes and I m not sure why. There s a long story but I ll skip straight to the point. Blah blah blah I rubbed the lamp and my genie named Fabrina came out. Now I was surprised because I was just dusting but she said I have three wishes, keep that in mind, 3. Anyhow I said I wish to not die a virgin bam, my wish was granted but not immediately, so I got to thinking. All the sudden I had the best idea, I was already proud of myself for it. I pulled my pants down about to make sure this wish was granted... Fabrina left. Fabrina if you re still out there I want my other two wishes.. Not sure if anyone will like this and sorry for any mistakes or whatever, I m tired but didn t want to forget about this bc I thought it was kinda funny",normal,depression,0.9840214848518372
On the surface I ve had a perfectly normal life Growing up I basically had a double life and it has drained me from my soul. I don t feel anymore. I am constantly paranoid and anxious. It started when my friend group shifted to a very dark crowd of people. I ve done some things many people would hate me for. Lost many friends and I am basically dead too. I have nightmares every night and I don t know if I can live like this anymore. Thankfully I ve cut out that part of my life. But I m not the same person. I honestly don t remember what it was like to be happy or content. I m just a numb body walking around faking emotions until I die hopefully soon.,anxiety,depression,0.8909491896629333
Feeling numb and helpless My boss told me I was hard to deal with because they don t know if I m going to turn up feeling okay or not. I get that. I haven t been to work in 5 days. I know I m hard to deal with but my brain is harder for me to deal with...,depression,anxiety,0.401503324508667
If one more person asks me if I have tried yoga or meditation I will slap someone Just don t worry about it! You hace so many good things to live for I swear to god Karen you will catch these fucking hands,depression,normal,0.9935638308525085
"I don t want to self harm again, I just want my brain to stop panicking I ll be short and sweet.....my desire to harm myself is coming back. My doctors make me feel worse and my ability to connect is all but gone again. Why does my brain have to ruin everything? I don t want to hurt myself but it s the only thing that stops the endless chatter in my head going over all the things wrong with me. My only bright spot is my pets seem to know I m not ok and are smothering me with love.",anxiety,depression,0.7569018006324768
Suicide hotline doesn't answer. I've exhausted all my options. Now what? I'm I just supposed to die at this point. I can't think of anything else to do.,bipolar,depression,0.9946639537811279
Does your therapist cry? This might be wierd idc. I've been seeing a psychotherapist 9 months and we've been diving into deeper trauma in my last few sessions and she like tears up and cries. Sometimes I'm crying but sometimes I'm distanced from it. Basically i just wanna know if it's like not normal..,bipolar,ptsd,0.9968787431716919
I wish this pain in my chest would GO AWAY Counting down the minutes until tomorrow. Please time stay still...,anxiety,depression,0.8661202788352966
"So stressed I get dizzy, anyone else? When the stress piles up several days in a row, I get spells of dizziness that are overwhelming. Didn t know if this was experienced by others. tia",ptsd,anxiety,0.4394286572933197
"A thank you to a friend I found in the Divorce subreddit I was going through a hard time, and I posted in the divorce subreddit. (Am still going through a hard time) N. reached out supported me as much as she could, but finally she could not support me anymore and I pushed her away. She lurks here and in Divorce and contacts people to try to help them. Since disconnecting from her on Monday, I ve seen a lot of things that she tried to show me. I no longer have a way to contact her directly, but I want to say thanks, even though just the words themselves, don t mean a whole lot.",depression,bipolar,0.936400830745697
i want to die I have all these ideas in my head and my hands have been itching for years and I have waited and quaked and gathered and I think I think I think this year I can and I think this year I shan't hold back.,depression,anxiety,0.3602813184261322
"My friend cannot sleep...at all Note: i apologize in advance for the lower case at the start of sentences i turned off auto capitalization on my phone. Hi! my friend (f/16) barely goes any nights sleeping and i feel so bad for her because she doesn t want to ask for melatonin or any pills to help her fall asleep. i ve tried convincing her, but she won t ask. apparently when she has a headache she won t even take advil or tylenol, she ll just let it pass. Sometimes when she s texting me that she can t sleep she freaks out saying that she won t be able to get any sleep and other times she tells me how she just lays down and still no matter how tired she should be (because of the amount of days she went with little to no sleep) she still can t fall asleep. i told her things like listen to calm music, count to 100, think about other things, but she s tried everything. What do you guys think is wrong with her? Is it *mandatory* to take drugs at this point or is there still a different method? Thank you!",depression,anxiety,0.9696609973907471
"I think my psych is taking advantage of EMDR sessions. I don't know what to do. It took me YEARS to even make the call to find a therapist thanks to my depression. I started approximately in September. For several weeks we just talked about current issues to establish rapport and I was actually feeling pretty good. She sent me home with a packet explaining EMDR but said she does ""timelines"" rather than events, where we went through different ages of my life and what events stood out to me from those ages. We were set to begin actual EMDR in November but then I got into a major car wreck with my small child in the car (we walked away, somehow), so dealing with the PTSD from that came first. She had me process the wreck using EMDR. She uses vibrating paddles, if it matters. She never really had me describe the wreck to her, just what I was noticing and how my body was feeling as I played it back in my head. It was a great success; in one session I went from not being able to close my eyes without feeling the car rolling, to at least being able to sleep. Due to holidays, work, etc we didn't actually start EMDR until a couple of weeks ago. During the session she turns the paddle control board so that I can't see her. She has me go through my workspace and safe space routine, then reminds me of the events we wrote on my timeline for whatever we're focusing on. She tells me to visualize the events as if I'm watching a movie but she never asks me about them. Then she dicks around on her phone or reads a book on her kindle while I hold what amounts to two vibrators, and occasionally asks what I'm noticing in my body. Based on what I read here, she's really not doing this right, but she's an MD and I've also been EXTREMELY vulnerable to her so I don't know what the fuck to do. Link: Tl;dr I'm pretty sure my therapist is making bank playing on her phone while I hold vibrators.",depression,ptsd,0.9907342195510864
What Can I Expect At The Psychiatrist? First visit to the psychiatrist in a few days. What should I be expecting when I get there?,depression,bipolar,0.792106032371521
"Today i m proud of myself. That s something I never get to say about myself, or get to think about myself. My usual day involves struggling to get out of bed and spending the day on the sofa. Usually, I ll be thinking and knowing that there is stuff to do, but I have 0 motivation to do anything. I always get stuck in this cycle of feeling unmotivated (due to depression), then feeling anxious over the things I haven t done. Today I managed to complete a day at university. That in itself is a huge achievement for me because my campus is 2 hours away each way and the whole journey is terrifying for me because of public transport. Sat through and remained calm for 2 lectures. Ate a healthy lunch. I even wore clothes that I felt I looked overweight in but wore them anyway. This is probably the first time in a while that I feel like i ve achieved something. Heres to tomorrow.",anxiety,depression,0.955367386341095
I got my IEP done yesterday The guy said im at college level. That explains why im depressed all the time.,normal,depression,0.9964137673377991
Do it help Hi does working out really help my doctor said I should try working out it will help my gad,anxiety,depression,0.7894777059555054
"Self Image I feel like I never look good. It s why I am in the gym constantly. I have been working out for a very long time, but I constantly feel awful. I am there to try to improve myself, although I feel as if there is no end in sight. I have a hard time looking at myself in the mirror.",depression,normal,0.9753980040550232
"Kids and loud noises Hi friends! I m not looking for advice, just a communal vent. Who here has kids? I love my young child so much... BUT the loud noises that she produces make my skin crawl and cause panic attacks. She s just being a healthy, creative kid, but it s really hard on my nerves.",ptsd,anxiety,0.9699780941009521
"My Dad yells at me for the smallest things that were wrong. It seems almost daily when I ve had some level of contact (i.e. not when he s on a business trip), he s yelled at me for something. Just today, I couldn t find a mop, so I didn t clean up the liquids from the trash can off our driveway, and he was furious. So he made me look for ~10 minutes or so, and to no surprise, I couldn t find one, so he told me to just let him do it. The worst part is that i have a habit of tensing up, standing very straight, arms glued to my body, and legs together whenever he yells, and he gets more mad when I tense up. (??) So then he yells louder, and louder until I cry 99.99% of the time. I ve tried talking to him about it, but he always gets very mad, and most of the time I avoid him (as best I can) for a few days following. But I can t keep this up, I ve started cutting again though. It s helping. It s probably why I m alive. If it ll help, I can post a bit of background on me. Past suicide attempts, cutting, depression, and all that stuff, I can.",anxiety,depression,0.9388469457626343
I think I need to check myself into a hospital again. I need to be at my internship in 10 minutes and I m sobbing on the bathroom floor. I need to function. I have exams. I have work. But I can t. I want to die. I don t know what to do.,bipolar,depression,0.8274653553962708
"Starting to spiral So I'm starting to spiral. I recognize the signs. I'm isolating myself, telling myself people don't like me, Not wanting to do anything. How do I pull up on this metaphorical tailspin before I crash and burn?",bipolar,depression,0.9781833291053772
"Moments like this make me so happy I returned to therapy When I open my wallet and my first thought upon seeing my face on my drivers license is fuck you ... yeah, that s not healthy. People always tell me I m too hard on myself but it took seeing a therapist to realize how sneakily automatic these destructive, hateful thoughts are.",bipolar,depression,0.986566960811615
"Merry Triggermas: My Mother is Coming Into Town Today being Christmas Day always lends itself to family. Enter my mother. She s coming into town to have dinner with myself, my husband, and our daughter. We just received a last minute invite to our BILs where my mother and step-father are always welcome but we wouldn t need to cook a second dinner (we hosted Christmas Eve last night). My mother is such a trigger for my anxiety that the very thought of telling her our plans changed on top of taking her to meet new people and expecting her not to pretend to be the pristine picture of motherly perfection is just too much for me today. Pray for me (of if you re not into prayers some positive vibes will do).",ptsd,anxiety,0.8350374102592468
"It s fucking got me and it isn t letting go Hey everyone I hope you are all having a fantastic day! I really just wanted to put this in writing for some kind of release or something, but do you know that feeling of impending doom? The one where it feels like you re literally about to fucking die but you re really just home in bed and the only fucking thing you can do is tell yourself, You re okay over and over and over again. It won t fucking stop and it s really scaring me to be quite honest. Maybe this is just marijuana withdrawal or something but I m fricken SCARED and I just want to fucking hold something FUCK FUCK FUCK FUCK Ok. That helped a little I won t lie. I hope you all sleep well and take care of yourselves. This is a temporary feeling and it will go away. It has to.",anxiety,depression,0.9942821264266968
"People with anxiety/ptsd, how do you get to sleep? I m struggling with my sleep so much I need some advice. Any time I lie down to go to sleep my brain keeps overthinking about past traumas or just being stressed about everything and no matter what I do it won t stop. I get so stressed and often have panic attacks all night and it s affecting my whole life. I only ever sleep when I m too exhausted to be awake anymore so I can skip the bad thoughts and as a result my sleeping schedule is a disaster and I m usually asleep all day and awake all night or sometimes I ll stay awake for days then sleep an entire day so making plans or doing anything with my life is just impossible :( please help!",anxiety,ptsd,0.9966731071472168
"Death of Seasons (/spoiler) I was listening to one of my favorite songs from grade school, and I realized that it fits perfectly in describing how I feel towards depression, my will to survive depression, and the angst, remorse, and grief of falling into a depression. Here is the song: . . . nbsp;nbsp;nbsp;nbsp; ""Of late, it's harder just to go outside nbsp;nbsp;nbsp;nbsp; To leave this deadspace with hatred, so alive nbsp;nbsp;nbsp;nbsp; Writhing with sickness, thrown into banality, I decay nbsp;nbsp;nbsp;nbsp; Killed by the weakness, but forced to return, turn it off nbsp;nbsp;nbsp;nbsp; I watch the stars as they fall from the sky nbsp;nbsp;nbsp;nbsp; I held a fallen star and it wept for me, dying nbsp;nbsp;nbsp;nbsp; I feel the fallen stars encircle me, now as they cry nbsp;nbsp;nbsp;nbsp; Out there so quickly grows malignant tribes nbsp;nbsp;nbsp;nbsp; Posthuman extinction excels unrecognized nbsp;nbsp;nbsp;nbsp; Feeling surrounded, so bored with mortality, I decay nbsp;nbsp;nbsp;nbsp; All of this hatred is fucking real, turn it on... yeah nbsp;nbsp;nbsp;nbsp; It won't be all right despite what they say nbsp;nbsp;nbsp;nbsp; Just watch the stars tonight as they, as they disappear, disintegrate nbsp;nbsp;nbsp;nbsp; And I disintegrate 'cause this hate is fucking real nbsp;nbsp;nbsp;nbsp; And I hope to shade the world as stars go out and I disintegrate"" The first stanza starts the process of slipping into depression. It s hard to leave the walls that are now built around you, the hatred drawn inwards is real and deadly. Leaving is an escape, but the mind of depression forces you to return inwards, retreat back home, and continue the stages of decay, even violence: Killed by the weakness turn it off"" The second stanza is how I see this process of suffering being reflected in the natural world through the observation of stars. I am reminded of the title of the song Death of Seasons which is organic and relates to nature. There is compassion inherent in seeing the suffering of them: I held a fallen star and it wept for me / The fallen stars encircle me is an act of compassion by nature itself, reminding me that the feelings of depression and disconnection are universal. The third stanza is also about the outside world, but a reflection on society and other people, which is viewed as working a brutal and threatening agenda (malignant tribes). For me, viewing the world at large in this way begins to give birth to thoughts that lead me to believe that the world is cruel, and that I no longer wish to participate in it, which completes the process of depression and fatefully, gives rise to the momentum of wanting to take my own life. The bridge, or last stanza, is a confirmation of the reality of depression, merely the way things are, so to speak. The vocalist directs the attention to the sky, and sees the completion of the cycle, the end of the season when things wither and die. Yet compassion for the whole world is alive, I hope to shade the world as stars go out which still amazes me, that in the throes and thick of a hard depression the parts of me that want to help and be a part of the world live on.",bipolar,depression,0.993664026260376
"Tell me your recent successes, no matter how small So many times we focus on what's going wrong instead of what's going right. A little glimmer of joy or progress can go a long way so tell me what you did right recently however small. Let us celebrate the small or big things with you.",ptsd,bipolar,0.7136216759681702
Anyone try brain stimulation treatment? My honey did it and it worked really well.,depression,normal,0.573147714138031
Life's really not fair My therapist gave me breathing exercises to do when I'm upset where I breathe in through my nose and out through my mouth. But since I've been crying on and off at my desk I am unable to breathe in through my nose. I know I can just inhale through my mouth but it doesn't work as well for me,depression,ptsd,0.647559642791748
"I miss my bestfriend so much The only person who had kept me under some sort of control for the past year and a half, my former bestfriend, cut complete ties with me a few days ago. Told me to never contact her again. Now I feel like I'm in hell. I have a family. I have a handful of friends. But I can't build a real, trusting relationship with them. I ve tried so hard. I have some really bad trust and attachment issues because of my dad leaving when I was 5. And then when I was 12, my mom also left(but thankfully my dad took me in and raised me from then on). This has left me in a way that I can only do one of two things. Either not get attached at all, or get extremely attached. But because of the extreme attachment leading to hurt in previous relationships, I had purposefully put space between me and others. She was the first person in a long time who I really opened up to and let in. I thought she was doing the same to me. We were so insanely close. Then I did one dumbass thing, which I didn't realize was a dumbass thing, and she just turned cold on me. It's like, all the stuff she told me about how much she needed me, how much she loved me and how she would be devastated with me, just disappeared. I've spent the last several weeks trying to fix things, with her warming up a bit, then turning cold, then warming up, then turning cold. I can't put all the blame on her for this. Me going from begging and pleading for forgiveness, to yelling and screaming at her for abandoning me, and then back to the other one, made the situation way worse. But I was at such a low point, I was actually planning my suicide and I was just desperate to have her back. It was so painful and anger inducing that this person, who I gave everything to, didn't even care about it. I put her in front of me. I have suffered, so that I could make sure she didn't. I'm not an innocent angel in all of this. I'm clingy, I'm needy, I'm unstable and high maintenance. I also have extreme mood swings. But I also loved her. Fully and completely. I thought she knew this. I was willing to do anything it took to make her want to stay. I tried everything I knew. But it all failed. After one too many fights, things are at a definite end. There is no going back. Now I'm feeling so isolated and alone. The only person I could talk to, hates me. It feels like no one else is even trying to understand me. To them, ""she's just some girl. Just move on."" They don't know her like I do. She's amazing, in every way. The day after I attempted suicide last March 25th, I was in the emergency room, alone. I was so scared and I had no one to talk to. She called and texted me as much as she could(she works as a waitress). Kept telling me that things will be okay and that she would be there for me. That s what made her so special. When everyone else was freaked out and pushed away, she would run forward and try to help me. And I lost that. All I can think about is that it took me 23 years to meet this one person who I got along with on such a deep level. Is it going to take another 23 to meet the next? And even if I do, they will never be able to replace her. It was nice to be in a relationship(whether it be friends, romantic, or familial) where I felt like I could just fully and completely be myself. I just miss her so much. The depression and stress I'm feeling from this is making my bipolar disorder spin out of control as well, which is just fucking annoying as well. When I met her, I was at a point where all I could think about was killing myself. I felt there was no hope. Nothing would get better. Now, without her, I'm basically back in that headspace and it sucks. I just feel so hopeless and empty. It hurts to breathe. Every morning, I wake up and I feel ok for about a minute. Then reality comes crashing in and I just cry till I can t. I do go to a psychiatrist, who is also a therapist. This is my 5th Psych and 3th Therapist in the last 2.5 years. They've tried over 2 dozen meds and a stupid amount of hours of therapy. Nothing has worked so far. I'm basically giving up at this point. I even told my psych that a few days ago. All this time and nothing has changed. Why should I believe it will now? I think any day now, I'll just end it all. I can t go on without her.",bipolar,depression,0.9913439750671387
"Does anyone have experience with Seroquel? I'm not sure if it's inappropriate to ask for medication advice, but my doctor just prescribed me Seroquel (25 mg) and I'm quite nervous to take it. I have pretty bad paranoia, and he insists that it is all irrational, and that the Seroquel will help me to see that. I am too scared that the drug will irreversibly alter my brain chemistry, that we don't know enough about drugs' effects on brains, or that it is going to change my personality negatively. Does anyone have experience with this drug that could put my mind at ease? Thank you, Dmitri",anxiety,bipolar,0.9972578883171082
"Dept of Rehab Psych Evals Hey y'all. Long-time lurker, infrequent poster. I've recently begun the process to get employment assistance through the Dept of Rehab, and I had to complete a psych eval to qualify for services. I'm struggling to understand my results surrounding learning disabilities, and the case worker they assigned me isn't very helpful. Any tips on how to understand the results and then apply it to real life? Thanks in advance!",ptsd,bipolar,0.8888384103775024
"I'm only seeing the negative and feeling too hard. Help. Recently my partner and i got into a fight because i misinterpret everything someone close to him says. He says i always find the negative in things and it is true. Its easier for me to see the bad side of things and i do default to it. He told me its too hard to talk to me about it sometimes because i react so intensely and it makes sense why this person is avoiding me. It feels hard because i never felt like i was allowed to have feelings before. My entire childhood growing up. So when i went through therapy and i felt safe enough to feel like i could express them it felt like i was letting open a dam and so all of my feelings are strong and probably too much for most people. I dont think i can change the intensity of my emotions. But i know i can look at situations in a different light. I just dont know how to do that. How do i change my ""negativity radar"" for lack of a better word? How do i find positivity in things around me?",ptsd,anxiety,0.4800061583518982
"Body Armor Does anyone else get ""body armor""? Or your body locking up?",ptsd,bipolar,0.6604560613632202
"My first psychotherapy session is behind me! Was easy as we were just gathering data to establish some baseline, but still, I was scared prior to going not knowing what to expect.",bipolar,anxiety,0.7206568717956543
"Who's seen the black window? When depression's made itself at home in my head, on occasion I'll stop being able to perceive the future. I can't see myself in five years, ten years, a year; all long-term plans just generally fall apart because the concept of existing beyond the here and now just stops clicking. And every time it's happened, I've been struck with a mental image of trying to look out a window at night, where the glass is just pitch black and no matter how hard I peer I can never see anything through it. I'd heard that people with PTSD have issues with dealing with the future, and in conversation with a friend in a similar boat as me I happened to mention the black window. It apparently resonated with her, because she said she had been dealing with a basically identical scenario. That's made me idly curious about how prevalent it is, and of course whether anyone's found a good way to deal with it. In my case it always seems to be a side-effect of a bout of depression, it never comes around when I'm doing well, and I've never found anything to do about depression other than white-knuckle my way through one day at a time until it wanders away on its own. I've been blessed with relatively minor problems compared to some, but that particular one is a real annoyance for me.",ptsd,depression,0.9877503514289856
"I just found out my ex-fianc / abuser died today. It was almost five years ago... I still remember how it felt, as my two best friends hauled me away from my apartment. I was broken. I had done everything I could to try and save what we had. It was over. It had to be, after everything he had done to me. It took four whole years to finally realise that my now ex-fianc was not only killing me... But that I was a victim of domestic abuse. When he had finally realised I was gone; he did everything he could to get my attention. To try and get me back. To show he could improve. But I had to shut him out for my own sanity. I had to break away. Eventually, he threatened me with suicide. So, I called the cops to do a wellness check-in and informed his parents. At that point, I decided it had to end. No communication. Silence. So, I moved again. Changed my phone number. Even changed jobs. But it didn t end there... He wasn t done with me. That s when the stalking began. Vandalisation of my new apartment, threats of physical violence, rumour circulation, and abusive harassment over email, text and social media amongst other many unmentionables. This went on for two years. Then one day, everything went silent. A sigh of relief. Finally he had found something else to fixate on. A year goes by and I get a message. A mutual friend asks if I would talk with my abuser. That he was institutionalised (turns out he was abusing prescription drugs) and was working on his 12-step programme...I said no. I wasn t able to do that. Not right now at least. The harassment started again. Only this time, it was guilt ridden. How heartless could I be? I made him feel like shit and for that I am a horrible human being for not forgiving him. I ignored it. Silence. Then this morning, I checked my messages and got a very shocking DM. An old mutual friend informed me that he died...from health issues inflicted by intense drug abuse. I don t know how to feel... Is it wrong for me to feel nothing? To almost feel glad that his suffering is over? I feel guilty feeling this way and I don t know how to cope with this. TL;DR Abuser of several years who stalked and harassed me is dead and I don t know how to feel. I feel guilty about it and don t know what to do to cope.",normal,ptsd,0.9982025623321533
"How much would you guys recommend meds? I ve been avoiding the option of taking meds to ease whatever depression/anxiety I m feeling. I m just really lost and scared, just would really like some input.",anxiety,depression,0.4159215986728668
"Sleep I have bad anxiety and my meds affect my sleep, but i was so anxious this evening i never ate and even after a tums i cant bring myself to eat a melatonin supplement, which i need to sleep.",anxiety,bipolar,0.7620269060134888
"Tired of being a guinea pig. Can CBD help? I am 47 yo F diagnosed Manic Depressive, PTSD, ADHD Anxiety. I've tried so many meds for the depression. The psych always wants to try mood stabilizers. Neither one seems to work well. Apparently I am very med sensitive. Every one we try is a lost cause. This last attempt was Prozac which made my anxiety go thru the roof. I think the psych is now attempting Latuda? I'm curious if anyone has had any luck with anything more natural as far as CBD? Can it help on its own? Or with another medication?",ptsd,bipolar,0.9978995323181152
"Need help explaining symptoms to loved ones and employers. I often run into an issue where people think my anxieties and triggers are much more controllable for me than they actually are. For instance, winter weather and rain are a trigger for me, so is interstate driving, and when those things combine, I cannot handle and I just want to stay home and stay safe but others tend to make light of that and just tell me to calm down and everything is going to be fine. I drive 1 hour to work everyday and if the weather is not very good and I am not able to work from home, I am very stiff and tense the whole drive, I am freaking out the entire drive, and I am utterly exhausted by the time I reach the office. Additionally I can't focus, because I instantly start dreading the drive home, frantically checking the weather every 20 minutes or so, get angry that I can't just be normal, and fried from all the anxiety. How do I explain this and other issues in a way where people realize these are not things I am fully in control of (yet) and that my fear and anxiety, while albeit unnecessary at times, are VERY real to me and VERY hard to overcome? Thank you in advanced for your help.",ptsd,anxiety,0.9957923889160156
"I gotta stop complaining online.. Which is funny bc I'm still doing it. But I posted a status on Facebook about feeling anxious and my boyfriend texted me ""we need to talk when I get home"". So he's gunna be home soon and I'm pretty sure we're gunna break up and I'm really not trying to freak out but I just know when he gets here, he's just going to tell me all the things that are wrong with me and why he's fed up. The way I've felt lately is completely bc of him but it's not like I mentioned that in the post so I'm not entirely sure what the argument is going to be about but I'm assuming it's him being mad that I'm depressed and anxious all the time.",anxiety,depression,0.5423731207847595
"Derealization? Nothing was ever real After having a parent die, I've constantly felt these horrific bouts of depression and... unearthly-ness? I've have my dads voice replaying in my head, I'll listen to a voice mail he left for me years ago (though he passed 6 months ago) and I just don't believe it to be true. For instance - I feel as though I am in a videogame or simulation. There is this scary, yet beautiful fluidity of watching life in front of you take place. Yes, you're controlling yourself. Yes, it's visible and you can still speak - but you're not sure where you are viewing it from. You just know you're not really ""there"". #x200B; Ever since my dad died I've had times where it seems as though I am in a simulation. How can someone just not exist? It's not possible, right? Where do they go? That's sends me into this sort of comedic state where I say ""No, no - none of this is even real. This is simulated, it's a show or a film"". Anyone else have this?",anxiety,ptsd,0.8610666990280151
"I'm so horribly alone. My boyfriend broke up with me a couple days ago and I didn't realize how much joy he brought into my life. I'm so unstable I really don't believe I can live without a partner. I'm quite young (17) but I need somebody. I've been quite suicidal lately, I think i might do it ._.",depression,bipolar,0.9959573149681091
"I miss my bestfriend so much The only person who had kept me under some sort of control for the past year and a half, my former bestfriend, cut complete ties with me a few days ago. Told me to never contact her again. Now I feel like I'm in hell. I have a family. I have a handful of friends. But I can't build a real, trusting relationship with them. I ve tried so hard. I have some really bad trust and attachment issues because of my dad leaving when I was 5. And then when I was 12, my mom also left(but thankfully my dad took me in and raised me from then on). This has left me in a way that I can only do one of two things. Either not get attached at all, or get extremely attached. But because of the extreme attachment leading to hurt in previous relationships, I had purposefully put space between me and others. She was the first person in a long time who I really opened up to and let in. I thought she was doing the same to me. We were so insanely close. Then I did one dumbass thing, which I didn't realize was a dumbass thing, and she just turned cold on me. It's like, all the stuff she told me about how much she needed me, how much she loved me and how she would be devastated with me, just disappeared. I've spent the last several weeks trying to fix things, with her warming up a bit, then turning cold, then warming up, then turning cold. I can't put all the blame on her for this. Me going from begging and pleading for forgiveness, to yelling and screaming at her for abandoning me, and then back to the other one, made the situation way worse. But I was at such a low point, I was actually planning my suicide and I was just desperate to have her back. It was so painful and anger inducing that this person, who I gave everything to, didn't even care about it. I put her in front of me. I have suffered, so that I could make sure she didn't. I'm not an innocent angel in all of this. I'm clingy, I'm needy, I'm unstable and high maintenance. I also have extreme mood swings. But I also loved her. Fully and completely. I thought she knew this. I was willing to do anything it took to make her want to stay. I tried everything I knew. But it all failed. After one too many fights, things are at a definite end. There is no going back. Now I'm feeling so isolated and alone. The only person I could talk to, hates me. It feels like no one else is even trying to understand me. To them, ""she's just some girl. Just move on."" They don't know her like I do. She's amazing, in every way. The day after I attempted suicide last March 25th, I was in the emergency room, alone. I was so scared and I had no one to talk to. She called and texted me as much as she could(she works as a waitress). Kept telling me that things will be okay and that she would be there for me. That s what made her so special. When everyone else was freaked out and pushed away, she would run forward and try to help me. And I lost that. All I can think about is that it took me 23 years to meet this one person who I got along with on such a deep level. Is it going to take another 23 to meet the next? And even if I do, they will never be able to replace her. It was nice to be in a relationship(whether it be friends, romantic, or familial) where I felt like I could just fully and completely be myself. I just miss her so much. The depression and stress I'm feeling from this is making my bipolar disorder spin out of control as well, which is just fucking annoying as well. When I met her, I was at a point where all I could think about was killing myself. I felt there was no hope. Nothing would get better. Now, without her, I'm basically back in that headspace and it sucks. I just feel so hopeless and empty. It hurts to breathe. Every morning, I wake up and I feel ok for about a minute. Then reality comes crashing in and I just cry till I can t. I do go to a psychiatrist, who is also a therapist. This is my 5th Psych and 3th Therapist in the last 2.5 years. They've tried over 2 dozen meds and a stupid amount of hours of therapy. Nothing has worked so far. I'm basically giving up at this point. I even told my psych that a few days ago. All this time and nothing has changed. Why should I believe it will now? I think any day now, I'll just end it all. I can t go on without her.",bipolar,depression,0.9913439750671387
"Panicked and distrustful of therapists Hi everyone, I'm glad to be here. I sunked after a severe anxiety crisis that lasted 3 years (with agoraphobia) and a traumatic sexual relationship. After that I searched for help and the therapist I found attacked me personally in a bad way, which left me traumatized. I have largely recovered my life (work, friends, etc), although I still have constant panic attacks and difficulty doing certain things. I'm starting to notice that panick attacks come when I feel angry because someone may be taking advantage of me. I feel really vulnerable/anxious to other people's hidden motivations, specially if they are not honest or I feel they try to manipulate me (I was slightly gaslighted as a kid). For example: Recently I went to a large therapy group and one of the organisers was the therapist who attacked me last year. She looked ashamed and asked me to meet to solve the conflict we had in private. I have the feeling that she is doing that now because she knows I can talk about what happened and make her look bad. She actually started crying when I mentioned this possibility (not as a threat). I feel she is not being honest and this makes me really anxious and scared, like I don't know who to trust anymore and I doubt my feelings all the time. I've been talking about this with my current therapist, who has been helping me for the last months, and she is encouraging my feelings. But she seems to have something personal with the other therapist and she seems personally happy when I talk about strongly confronting the other therapist (they work on the same small field). I feel vulnerable and that I can not trust therapists. I feel any small thing can destroy me and I don't really know if those are small things anymore because they don't feel small to me. Feeling manipulated and scared all the time. Does anybody else feel the same? #x200B;",ptsd,anxiety,0.8502591252326965
"How can I be comfortable enough to try dating sites? Hello, I hope you're well. I've been thinking about this quite a bit recently. I seem to always find myself feeling that I'm gonna die alone, I don't want that. I want to experience love and romance! I am a very shy person and I only come out of my shell when I'm comfortable with someone, that's why I think dating sites would be good for me since I can talk to them and get to know them a little more. I'm only eighteen, but I'm afraid that if I don't find someone before I'm mid to late twenties then that's it over. Another thing that is a problem in my mind is the fact that I'm on disability for anxiety depression and PTSD. I accept myself completely, but I don't know if someone else would. I have no intention of going back to school because that's where I got my PTSD and it's where my anxiety and depression got really bad. Am I overreacting? I'm sorry, this sort of came out as a rant.",anxiety,ptsd,0.901328444480896
"Wellbutrin and Boners I started taking Wellbutrin a few days ago, but only took it twice before realizing that it made it impossible for me to get hard. So embarrassing. I take it in conjunction with Adderall 30mg XR. The last time I took the Wellbutrin was yesterday morning. I didn t take it today, and there was definitely a slight improvement. I was horny as fuck all day, (partially due to these libido supplements I got, I think), but my firmness ability to stay hard wasn t 100%. Since the half-life of Wellbutrin is apparently 30+ hours, does that mean that I should continue to see improvement over the next few days? I m meeting up with someone from POF tomorrow and would like to be able to perform, multiple times if possible.",depression,anxiety,0.9276455640792847
"Nightmares and screaming awake. I am seeing health care professionals for PTSD and Bipolar I disorder. I have previously had a suicide attempt in early '17 which led to me ""blacking out"" for 4 days (still have no idea how I woke up in a hospital). Prior to the attempt, my stress and depression were high. I started using marijuana to help me cope, after the attempt. It helped for a short while, but I ended up using too much too often, and got another manic episode-psych hospital. After the mania was treated, I was instructed to stay away from weed. Now, however, I will have nightmares which result in me screaming my s.o. awake, at night. Usually there will be an antagonizing force in my dream. This antagonist usually causes a sound or vibration that feels real, scares me awake. I have guessed in the past that the sound may be a memory of when I was blacked out. This is because I have heard that semi-conscious people may still hear/remember sounds. I also get nightmares about death/dying quite often. These nightmares do not scare me awake so much, as the antagonizing ones do. Any thoughts on this matter? Cheers.",ptsd,bipolar,0.8565358519554138
Cant seem to accept things i cant control. no amount of therapy helps - just going round in circles i just seem accept things i cant control. I have tried to deal with that and over come it with multiple therapists and come short. i just end up doing a circle. im just tired of being overwhelmed with life and its events that i just have to go through. im just being pushed to do things i hate 24/7,anxiety,ptsd,0.9635757207870483
"Mind/ body dissonance I feel like I woke up with the wrong mind in my body today. I know some people wake up feeling like they re in the wrong body, but it s different. It just feels wrong, like my thoughts aren t matching the way my body feels. My thoughts seem normal (as normal as usual), but my body is panicking. Racing heart, shaky, sensitive to noise. Does this happen to anyone else?",ptsd,anxiety,0.9581098556518555
"Can it be achived? Hi everyone, this my first post ever on reddit so please take it easy on me. So first a little background information to get a better understanding of my problem, im 19 yo currently in collage, i've always had a passion for fitness , i used to hit the gym 6 days a week, i ate right and never was into junk food or any of those harmeful things. The problem began about 2 years ago where i had a (let's just call it a huge disappointment in my life ) that really hit me hard, i stopped going to the gym, i barely ate anything and i was just in such a pitfall, and worst of all i picked up smoking cigarettes . So my question is : is there any hope i can get back in shape and build muscle if start training again while smoking ? I've only been smoking for less than 2 years and never reached a pack a day. I know this just seems like im making excuses not to quit , but i really can't give it up right now i'm in too much stress , i have have a huge responsibilty to do good in collage and cigarettes really do help a lot. And im planning on strating to cut down on them gradually while training until i can finally get rid of this addiction. Sorry for the long post but it feels really good to get it off my chest and express my feelings. Tl;dr : Can i still get back in shape while quitting smoking gradually? ( im not a heavy smoker to begin with). Will smoking hinder my progress too much that it's not even worth it anymore?",normal,depression,0.5690245628356934
"Is my psych dumping me? I ve been seeing a psychiatrist for a long time- many years. Appointments are now biannual at the most- meds are good and all. I missed an appointment a few months ago and rescheduling just got away from me. Lo, I need another scrip for the same old meds. I emailed, psych said to call. I called and he mentioned a persistent problem with missed appointments and said he could see me tomorrow and I should arrive early to fill out paperwork. He then asked if I had new insurance, which I do. He doesn t take the new company, but I said i had another way to pay. So now I m freaking out about his light scolding and potential paperwork- I ve never had to arrive early for paperwork, ever. Is he going to say he can t see me anymore? I ve got a serious knot in my stomach and I m about to cry. Did my terrible scheduling destroy my relationship with my doctor? Also, missing appointments is a problem with me. A lot to do with social anxiety and anxiety with other people seeing/judging me. Thanks.",anxiety,bipolar,0.9985083937644958
"Never-ending Guilt Trip I place the blame on myself for so much in my life. At work, at home, in my relationships...even when my dog is being a buttcheek I wonder what I did wrong to make him act like a brat. Recently I confronted my ex about something he did that made me uncomfortable and upset and I think maybe he hates me now. So of course I'm in this downward spiral of ""Wow, I ruined everything, like always"" but mixed with ""I shouldn't have said anything, what did I gain from this?"" All I can feel now is this giant weight of guilt pressing on me and I'm not sure what it will lead to...hopefully trying to open up more to other friends will help. Please tell me someone here can relate.",bipolar,anxiety,0.9655061364173889
How do you deal with breaking up with someone when you re in a depressive episode I just broke up with my boyfriend of five years it was a toxic relationship. My heart physically hurts and I ve been in a depressed spell for weeks everything just seems shitty. I don t know how to cope with it anymore I just keep thinking about how I want to die and how easier it would be to do that instead of always feeling like this. I can t distract myself I just constantly feel like dying while doing anything I ll be better off but I can t help but feel empty.,depression,bipolar,0.9970629811286926
"Working on emotional development So I guess I should start off by saying I've always been very closed off and avoidant of most emotion. It has worked out alright for me so far (although it doesn't always feel good, especially when feeling like I'm letting people down) because I have a loving family and somehow I managed to make some friends in school, although my relationships were not that deep and I believe they haven't lasted long because of that. Im not unhappy really but I'm very reliant on my family and am rather numb to life which makes me feel alien and hard to socialize. I'm at a point in life right now where I feel the urge to change myself and become more open to life and people. I find myself wondering where to start. When I think of what I can really do to mix things up and change my life, I have this sort of spark of life that tells me to say random gibberish or stream of consciousness words, yell, scream, cry, or move my body in ways that feel new. This feels rather drastic to me. Im wondering why most people seem to have a smoother development in life where their relationship with theirselves is such that they don't need to cry or scream or otherwise act insane just to feel alive. Any response is appreciated, thanks.",anxiety,depression,0.9723271727561951
My dog licked my third toe so I had to put it down I got this 7 week puppy he was super cute but the he licked my third toe so I had to put him down. Every day I think about what we could have done together if he didn't do that,depression,normal,0.913535475730896
"Lay awake thinking of mistakes.. Hi everyone, I am new to this sub so please excuse me if you have covered this already. Lately, I have been lying awake in bed for a few hours each night thinking about mistakes I have made. They could have been that day or 15 years ago. It just kind of depends on where my uncontrollable mind decides to go and how bad it wants me to feel. Does anyone have any advice on how to stop torturing myself?",depression,anxiety,0.8600748777389526
"""....But nothing touches the tired spot"" Lincoln said that about his own struggles with depression. They didnt call it that back then. But he had an overshadowing somber feeling ""deep within"" that ""can't be got at."" They say that more books have been written about Abraham Lincoln (over 15k) than any other person, aside from Jesus Christ. Some people who don't struggle with things like depression and anxiety may point to Lincoln and say, ""See? He had struggles but he didnt let that stop him and he achieved greatness despite of them. You can do it! You can achieve anything!"" Its another way of stating the ""have you tried just being happy?"" response. I think people who have depression anxiety and are 'high functioning' or 'overachievers' dont think that way about the disease. They dont think ""Get Over It! I worked through it so you can do, stop making excuses."" Its a certain type of hell to be in a meeting and suddenly just want to start crying. You are management. You are the person who guides this ship. But you feel like an impostor and a failure. You are a fraud and everyone knows it. You can't really vent these feelings to anyone. You can't shake these feelings of shame, regret, fear, guilt, and the sadness that covers and penetrates everything. You cry in your car alone. For no other reason than nothing can touch the tired spot. If nothing else, people who have depression and anxiety are overachievers because they are trying to make the bad feelings go away. They dont accomplish things because of some can-do virtuous work ethic; they just want the feelings to stop. They want to feel normal. Not good or great---but normal. Like if they accomplish one more thing they will stop feeling like a loser. They will finally feel some self worth. They can make it go away because stopping those feelings deep within is all they want. But its like Faust. No matter what he did he could never feel satisfied. And no matter what we do, nothing touches the tired spot.",anxiety,depression,0.9938778281211853
"It s not letting me outside the house again Unemployment aka being laid off between jobs suck. I have been staying in my room all day, again. It s like a force that only imposes it s will when I m completely sober. I feel like my cat when it stares out the window on a beautiful day. Hang in there people.",ptsd,bipolar,0.98667973279953
"I'm only seeing the negative and feeling too hard. Help. Recently my partner and i got into a fight because i misinterpret everything someone close to him says. He says i always find the negative in things and it is true. Its easier for me to see the bad side of things and i do default to it. He told me its too hard to talk to me about it sometimes because i react so intensely and it makes sense why this person is avoiding me. It feels hard because i never felt like i was allowed to have feelings before. My entire childhood growing up. So when i went through therapy and i felt safe enough to feel like i could express them it felt like i was letting open a dam and so all of my feelings are strong and probably too much for most people. I dont think i can change the intensity of my emotions. But i know i can look at situations in a different light. I just dont know how to do that. How do i change my ""negativity radar"" for lack of a better word? How do i find positivity in things around me?",ptsd,anxiety,0.4800061583518982
Still attempting to get into a workout routine Would hiring a personal trainer be ideal? I mean someone who can guide me make sure I'm not doing too much too soon. Also co.ofrting me when i get chest pain or a painful palp would be nice too. Has anyone hired a trainer?,anxiety,normal,0.997014045715332
"Just when I think I might feel ok today.. Something happens to send me right back down that hole of dread, where every little sensation means I'm getting a life threatening condition and I haven't got long to live. I just can't look forward to the future because I never feel like I HAVE a future, I'm trapped living my lif in the moment in constant fear of what tomorrow will bring. I just don't know wheat to do, I can't keep going on like this, the fact that I have nobody close enough for comfort adds to it even more, i can never find solace. Sorry for rambling, I always end up going on a tangent.",anxiety,depression,0.9806197881698608
"I'm forced to work under my uncle. Doing it for five years. So a little background, I've been working at my uncle's office full time since I was 15, now I'm 20. He has helped our family in the past since he's very rich, and has supported us with money. I joined him thinking it would be fun, but it turned out very bad. He was vicious sometimes. I didn't have any life, would work six days a week, for eight hours, the office is too far from where I live too, it would take me an hour. The problem is that, I know all of the work, and I'm very good at technical things. So he became very dependant on me. But on my small mistakes, he would yell at me and it would hurt me a lot. My mom always takes his side since he has helped her monetarily. I tried to leave twice, one time back in 2014, but I was a kid then, so he convinced me easily, I cried a lot on the phone, it was because he had yelled at me very bad on the phone. Next I tried leaving finally in 2016, but he wouldn't let me, saying that he has helped my family and even his brothers (mom's brothers) that should he not have helped. Then things were bad, I had to work two days a week, but it later kept on going. I told him I'll be doing MBA in the future. Later, I worked some and tried to sell flats by myself, so he would give me commission (real estate business) I was doing amazing, better than he was. I bought a car of worth $10,000 by myself, without any loan. But he wouldn't pay me much. Very less commission. And I cannot argue. I'm so mentally tortured. I've decided to finally go to Canada this January, 2019 for my MBA. But so afraid to hear all the guilt. My family doesn't help me. My mom literally sold me. I was 15 when I was sold to someone. He controls me a lot. I need help. I can't do this anymore",anxiety,depression,0.881220281124115
Too nervous to talk to girls but need a relationship to help depression I have severe depression. It's absolutely horrible. One thing that does seem to help is being in a relationship though. I recently got out of one and would like to get back out there but I'm extremely nervous talking to girls. I find it easier to meet them on the internet but it's a little difficult. I don't know what to do. My depression is getting so bad but I feel like I can't do anything due to my anxiety. Does anyone have any advice?,anxiety,depression,0.9634791016578674
Social Anxiety Why is it that I want to go out and meet new people but when it actually comes to getting out the house I get crippling social anxiety which leaves me feeling worse about myself at the end of the day. I've been trying to get rid of my antisocial habits but its a vicious cycle.,depression,anxiety,0.94289630651474
"Need some advice First time poster in this sub but I could use some real advice. #x200B; I was stupid. I didn't fill my meds in time. There was a delay in them and I didn't check on it and didn't get it filled in time. So I haven't had my med today. I'm sure you all know what that means when it comes to anxiety and jumping out of your skin from the slightest noise. Fireworks have just started. I'll get my medication tomorrow but I have to make it through this fourth of july bull first. #x200B; Advice on how to keep calm and not go nuts would be greatly appreciated. I feel like an idiot not having my meds. And on the 4th too. God, I was so stupid.",ptsd,anxiety,0.9882918000221252
"How do I get over the anxiety and guilt of being emotionally abused? I have gone through (and still go through) emotional abuse from my family. They call me names, yell at me, blame me for everything and keep me locked in the house. The only place I'm allowed to go is to my community college. I am not allowed to have friends and they've made it VERY clear that no one will ever love me, and that I don't deserve to be happy. Recently, I made a few friends and fell in love, despite not believing anyone could ever love me. I am dating him now, and I'm going off-campus secretly and socializing/hanging out. However, being in a mental and physical cage all of my life, I feel like this is wrong...that they're right; I don't deserve to be doing this. I feel really panicky and anxious because the more that I do, the more guilty I feel. Any advice?",anxiety,ptsd,0.8053956627845764
"Anyone have problems with holding a job? Every time I get a new job, I get really excited for a little bit and then in the following weeks usually get super depressed to the point I can't drag myself out of bed. I usually call off and then get incredibly anxious about calling off so I just never come back. Is this just me, or do others have this problem as well? I've tried to apply for disability but got denied. I thought about applying again.",bipolar,depression,0.8726653456687927
"What kind of verbal abuse is this? When a parent daily--or at least several times a week--holds their kid as a captive audience and explains to them over the course of 1-2 hrs how royally fucked over they have been by everyone and continue to be, and how there seems to almost be a supernatural conspiracy against them? The child has no idea how abnormal this is and I know my father is a narcissist, but I think this was also a specific kind of verbal abuse whereby you chronically vomit darkness into other people. Is there a name for this kind of abuse? I hope this is the right place to ask. Thanks.",ptsd,depression,0.7071380615234375
"Can anxiety attacks cause PTSD? After my anxiety attacks I have nightmares of what happened that day which causes more anxiety. I can t go back to places where I ve had anxiety attacks and sometimes I ll have flashbacks. Also, it will keep me up at night which somewhat correlates to PTSD. Is that possible? Or is that just anxiety symptoms?",anxiety,ptsd,0.9957078695297241
"Anyone else fantasizing dying a hero? I have this weird fantasy of mine in which I hope to end up in a robbery, murderscene or attack of some sort. I then prevent the event of being worse but I will die myself. Therefore I will die a hero and not let anyone down. I will get the rest I desire.",depression,bipolar,0.3885743319988251
Took trazodone 35 mins ago and had an anxiety attack Got it from doctor to help with sleep. Just had a wicked anxiety for 30 seconds or a minute. Heart was racing and still laboured breathing. Is this normal or should I be concerned. Edit: breathing back to normal,depression,anxiety,0.9800022840499878
"Lost all hope for employment I m just sitting here anxiety raging that my life is just royally screwed because of my 4 and a half year job gap. I look back on it now and it s completely insane, I m 25 and only had a job for 2 years and I left that job on bad terms due to anxiety. No ones even gonna hire me to be a dishwasher at this point. Idk, I don t think I can really live like this anymore, I don t see the point. I didn t choose to have any of this crippling depression and anxiety. It s just so fucked up that all these years of mental torture hating myself, isolating myself, and still being screwed when I want to attempt and get back into the world. I really have no idea what to do at this point.",anxiety,depression,0.9135519862174988
"I don't know what is happening Lately I've been feeling really sad, empty inside. I don't have any will to do anything, my head just has negative thoughts all day. I arrive late to school because I don't want to get out of the bed. Today was the first day I didn't go to school at all. I don't know what to do, I want to speak with someone but I get anxious just by having a normal conversation, can't even imagine this one.. what can I do to overcome this thoughts and this lack of will to do something? Any advice at this point is welcome, I just don't want to continue to feel this way..",depression,anxiety,0.6157236099243164
"Concert Depression Has anyone had the experience of being at a concert and suddenly being overwhelmed by depression and super high anxiety? I recently was at a metal concert and I shutdown completely towards the end of the headliners set. I ve been told it has to do with sensory overload? I think it s happened before, is there anyway to combat it?",bipolar,depression,0.6989235281944275
"I embarrassed myself in front of my crush once again and I want to disappear Alt because I m a dumbass. I guess that s some mild fuck up compared to some others, but let s write for the catharsis of it. So last night goddamn it. There s this friend I m very much in love with. Ever since I met her, a few years back. I tried at the time; and she s been happily committed in a strong relationship for years. You can t blame someone for that, and as much as it pains me, I get it. I just can t seem to get over it, and I never really managed to stay happy in a relationship ever since. This is a purely personal problem. We re still friends however, and we still frequent the same circle of friend. From time to time we gather up, and she s always there. And ofc I always go because I am the emperor of the dumbasses. It s basically Groundhog Day: every fucking time I arrive with some other friends, everything is going fine, and when she arrives my IQ turns negative. I just completely stop being a functional human being, and become the intellectual equivalent of Qwop. It s infuriating, and at the same time I m very aware of it, so it s always a nice exercice of self-flagellation. So last night, pretty much the same. It s been a very long time, because I moved out of the country in the meantime, depression not being the weakest factor in that decision. Can t say it worked. She arrived, and of course I found myself acting with the charisma of a lamppost. I couldn t even formulate a sentence properly, and a few time i got stuck in the I don t get anything you re saying loop. Which is the ultimate humiliation for a fully grown, reportedly educated, adult. Well-aware of the train-wreck, at some point I just shut up, hastily got drunk and left. Went home, slept poorly, and I here am, in the same stupid shame, until next time. I fly back tomorrow, to my new home, on another continent. I ll be far, busy, in another social setting. I could just don t care, at all. I can t complain much of my life, yet through these eyes, I only exists through my fuck-ups. And for some reason this standpoint is way too important. I just to disappear completely, erase everything I ever done. Not talking about dying : I want to evaporate as a memory. I guess I get old and tired of being 16 all over again for someone I care way too much about. Yet, this love is the only beauty I've ever experienced, and certainly ever will. People of reddit : any successful experience of avoiding your stupid in-love self? How do you get over the psychological rut of unrequited love? #x200B; TLDR : I'm in love, and I can function as anything close to a human being when I'm with her. It makes the healing process of not being loved difficult.",normal,depression,0.9952570796012878
"Missing work, feeling guilty Last night I left work because I was legitimately sick. Today I feel better but told my boss I am still sick so I can t come in...it s really because I am so incredibly depressed, working a full shift feels so unmanageable. Even getting out of bed feels unmanageable. I feel so guilty about missing work, it s really unlike me, but all I feel capable of doing is staring at the ceiling and going to sleep. I want my job to see me as a valuable and good employee, I tell myself that there is nothing wrong with taking the space and time I need to feel like myself again, I just hope my boss and coworkers can understand that sentiment as well. So yeah, today I feel pretty defeated. I hope you re all doing better than I am.",bipolar,depression,0.9948537945747375
"Missing work, feeling guilty Last night I left work because I was legitimately sick. Today I feel better but told my boss I am still sick so I can t come in...it s really because I am so incredibly depressed, working a full shift feels so unmanageable. Even getting out of bed feels unmanageable. I feel so guilty about missing work, it s really unlike me, but all I feel capable of doing is staring at the ceiling and going to sleep. I want my job to see me as a valuable and good employee, I tell myself that there is nothing wrong with taking the space and time I need to feel like myself again, I just hope my boss and coworkers can understand that sentiment as well. So yeah, today I feel pretty defeated. I hope you re all doing better than I am.",bipolar,depression,0.9948537945747375
Done I m worried today s the day I want to die more than anything,bipolar,depression,0.9938204884529114
"Broken promises by best friend. And now I guess he's not. A man I befriended and was his best friend, have been his best friend has broken his promises to me. I've been caregiving every day for a senior I befriended. I physically moved him when he wanted to move. Have taken care of him physically prior to and after knee replacement surgery. Have taken care of and fixed his home. Have run errands, taken him places, gotten his medication, done everything for him that he needed, including all research and financials. And he's now shown me that I'm not going to be in his will. Not that I even thought about it once. I was just trying to be a friend to a senior who was being verbally abused via email by his ex wife. But, him just bringing it up, and me just realizing it is a huge bucket of ice water over my head. I didn't need to know. I could have lived life just staying busy and taking care of things. I have sacrificed my health, my time, my life, lost friends, lost total time with any friends, and now I find out that if he dies before my disability comes in that I get to go homeless again. Already have been homeless due to domestic violence. And now I get to live in fear again. Every day. Going to seek out housing assistance again (while taking care of all his stuff), but that takes years to get. Sometimes I think about killing myself. I don't have access to or time to get anything for depression. Plus I have severe fatiguing chronic illness with Syncope. So I can't take any anti-depressants anyway. Tried, they all made me faint. That's chronic fatigue syndrome. So I think sometimes about ending the fear. A lot. Once a homeless girl, always a homeless girl. Who gets sexually assaulted while being homeless from surviving domestic violence. Such is my life, I guess. Bye bye.",depression,ptsd,0.9545024037361145
"Idk Sorry if this triggers you. I dont feel like myself I haven t in a while, I am so close to ending it all, idk what to do, I ll probably be fine, but I just can t take this shit anymore",ptsd,depression,0.8772833347320557
"My mom is making Me either get a job or go to school when my business JUST became profit-positive ! I just officially started my second business endeavor 3 days ago. In the 24 hours I sold out of product (I make about $50 per sale). Money goes straight to my PayPal. My business before this (that I also still earn money from but it goes to my cash app) was selling Soundcloud reposts which I will agree doesn't sound sustainable, which is why I started this second business. I charge $35 per repost and make $525 weekly from that because I only sell 3 slots, 5 days per week. I could've made more but I'm picky with the artists I promote. ***** My mom seems to not understand the internet. I've always made money online though. In highschool I was reselling authentic used designer bags and shoes and she made me stop and go to college. My long-term goals do not require a college education but I went. I withdrew after making $2,500 after teaching myself how to make beats and selling the beats to rappers on campus. I moved on my own entirely too early and ended up back at my mom's by 20. I've been here a whole year living off the Soundcloud reposts. She doesn't believe I really make money though I pay the cable bill, buy food and house supplies for everyone, etc. It sucks because I should've had enough to move out a long time ago but she does this weird manipulative thing. She'll randomly bust in my room saying all you do is play on the computer (that's how I make money). Then she'll make me show her my bank account to prove her wrong. Then she says if I have all this money why isn't x or y paid for and I have to spend my money on house-related things. ***** Well now she doesn't want to be paid off anymore. She says it's not fair that she has to wake up at 6 am and leave the house to work and I just sit on my ass all day. She says if I don't get a job or enroll in school within 30 days, she's kicking me out. Realistically 30 days is long enough for me to make around $5,000 if I save 100% of my money and my sales keep coming in the way the do. But I've been on my own before and I know I'm not prepared to go back out there without at least $10k in savings and $5000 for a security deposit, first and last month's rent. My new business requires me to be on the computer at least 10 hours out the day, so that leaves time for a weekend job, but I'll be way too tired to balance this shit. I could also do a part-time certification class at a college to get her off my back but I'm not really sure what takes up less time. Does anyone have any sort of advice about any part of this? What would you do if you were me? tl;dr My mom wants me to not make $5,000/week and get a job or go to school.",normal,depression,0.7928045392036438
Why does one small negative thing change how I feel about myself? If it doesn t work out with a potential partner I feel like I will never find someone. If someone doesn t text me back I ultimatically think I did something wrong. How do I stop letting everything going wrong dictate how I feel about myself? I can t stop blaming myself and feeling miserable for things that I can t control.,anxiety,depression,0.9534255862236023
"Yelling is the scariest thing.... People loud in public? Scary. But usually manageable. ""That person is happy/frustrated/ angry over there. It's got nothing to do with me."" A loved one shouting? Unmanageable. Terrifying. 0 to 100 fear. ""Oh no. I am the worst person to have ever lived. I cannot believe I had the audacity to be in the way or to even exist at all. I need to do everything I can to apologize and be good."" I'm so sick of being afraid and turning that into anger at myself for being scared at basically nothing. I'm really just venting here to get some of ny energy outwards instead of turning it in on myself.... Thanks for reading 3",ptsd,anxiety,0.7769489884376526
"Hi can I please have help, any help My girlfriend of two years struggles with intense depression and anxiety due to her having a horrible past, we ve gotten through a lot of it together, and we ve done really well, but I still feel like I m being blinded my headlights. I don t want to make this about me by a long stretch but all I want to do is care and look after her. For the last couple of months she s been saying her head is all over the place, and she s struggling with drive to do college work, and she deeply struggled deciding on places we can go out etc etc, does anyone have any help as to how I can help her?? What to say or do when she says her head isn t clear?? I know it may sound as simple as be with her tell her it s ok, But I really want any advice, even if it s that advice just to reassure me that I m doing this right cheers",anxiety,depression,0.9892603158950806
"Finding myself in the dark again. I've been getting a lot of negative attention at work lately. I hope it all ends soon. Time heals most, but it's been rough. After being stabbed in the back by a ""friend"" who couldn't take no for an answer, I can't trust anyone anymore. I don't want to talk to anyone but the loneliness hits me so quickly. My anxiety has been through the roof. I can't control my thoughts anymore. There are things going on outside of work that are stressing me out. To top it all off, my hair started to fall out again. I need some light and am struggling to find it anywhere. The spiral has begun and I'm afraid of the direction I'm going in.",depression,anxiety,0.8838112354278564
"I need help My entire life I've obsessed over specific fears, even as a kid.. None of them ever actually came true, and I'm well aware that I have a terrible mindset towards things. Lately I feel like I'm dealing with something more complicated though. When I'm at work, driving, or in a social situation (anywhere you'd be expected to keep it together) I've started to have panic attacks and feel as though I am in a dream/simulation, things feel fake. I fear that I will become stuck in that belief, and it scares me because when I feel that reality is a lie, then support is also a lie, and there's no where to truly run and hide. I have felt this way a while back a couple times, but it was from bad experiences using marijuana. I haven't used it at all in the past year, but when I start to feel this panic/derealization it feels very similar to being high. To the point where I've convinced myself that someone has drugged my food or water. Anyway, I've been struggling with fear most of my life. I've read that derealization usually happens to people who've been through a traumatic experience, would past fears that I've created in my own mind be considered traumatic? Am I on the verge of insanity? I work 2 jobs and am only 19 years old. I want to feel okay again, I don't want to lose touch with everything that once felt normal.",anxiety,ptsd,0.5218397378921509
Memory Loss Does anyone else find that they have lost memories of traumatic sections of their life? I'm missing a whole six months of a really rough period. Like I know they happened but I can't remember any specific details or days.,depression,ptsd,0.997973620891571
After years of her abusing me. She just packed up and left me with the kids. God knows where she went. She has a history and just leaving to hang out with unsavory people and getting way too messed up. Years of emotional and physical abuse (I'm the mad so I don't hit back) and now this. 3 week old in my arms. The 14 month old sick and screaming. She packed a back pack and left. I'm lost. I hurt.,depression,ptsd,0.9969369173049927
"Need a friend My husband of 5 months is in the military, he decided out of no where he wants a divorce. He keeps kicking me when I m down making me cry everyday pointing the blame on me. I gave up my whole life to be with him and he just keeps making himself the victim. I am passed the point where I want him back because he s hurt me and my family so much. When does this feel better. I ve cried everyday for 2 weeks he s been nothing but mean and nasty to me.",normal,ptsd,0.5169813632965088
"intrusive thoughts does anyone else get intrusive thoughts? for example when im laying down trying to go to sleep ,all of a sudden ill think "" im going to die someday!"" or "" everybody you love will be gone one day"" .. it feels me with dread and anxiety . i can't stop obsessing over it at the time of thinking it . I do work with a emdr therapist . just wondering if im just crazy . thank you!",ptsd,depression,0.9647958874702454
"Coping Skill So over this past summer I went into a hospital and learned a lot of coping skills. The one that helps me the most is called fuse beads. It s also called perler beads and many other names. You use beads to make a picture then melt them together using an iron. It is very relaxing and requires a lot of focus, which helps me get my mind off of other things. I thought I would share this for anyone who would want to try!",anxiety,ptsd,0.9898877739906311
"after feeling so unstable for the past year and a half, i am finally seeing some light and stability. i need to really remember what this feels like for the future.",anxiety,bipolar,0.8965499997138977
"What does the voice inside your head tell you when it puts you down Everytime o do something or ik about to do something I always second guess myself by putting ""myself down"" I.e. You're not good enough to get that job No one likes you No one cares about you You're ugly You have no talent You're never going to 'make it' People think you're stupid I'm just curious to know, what do you guys hear in your head that puts you down? Is it the same? Does it comes at any particular moment or is it triggerless??",depression,ptsd,0.9088321328163147
"Double post First how's your relationship with your parents growing up? My dad was always angry at me for not being who he wanted and not following HIS dreams and plans he had for me (he wanted me to go to trade school and become and automotive mechanic with a focus on diesel engines, I wanted a military career). My mom was always focused on my little brother and step dad. Sisters are way older than me so they already had their lives when I was barely a teen. Tldr; I raised my self. I'm so depressed and having panic attacks. I have no insurance. My income was less than expected so I don't qualify for subsidies. Medical won't accept me since I'm above the poverty line. Psychiatrist gave me a discount and only charged 150 for a 15 minute consultation.",bipolar,depression,0.943471372127533
I'm feeling especially sad and crazy right now and could use a friend. I'm not trying to kill myself or anything but I definitely hate myself right now.,bipolar,depression,0.9950478672981262
need to talk to someone looking to talk to someone daily,bipolar,depression,0.5451673269271851
"Is reaching out to people of you past worth it? Hi everyone, I've meditating recently on some friends and I've lost over the past few years, we were all young people and we all made mistakes, and I don't know, I realized i don't want to keep grudges on anyone really and I don't want anyone to resent me or be in bad terms with the people there's no reason to. So, I recently reached to an old friend through Facebook, a really good friend of mine in my teens, he said some bad things about me to my family when we were 18, I never asked himself directly, so we never really talked about it and never got his version. I took distance from him and he never reached out so I guessed he never cared in the first place. So, a couple months after I messaged him he told me he made mistakes, and he is sorry for just letting everything happen and that he misses the friendship we had, etc. The second one is a girlfriend, from my teens too, my first girlfriend actually, when we were together she was sick, she had depression and panic attacks that really affected our relationship, we became more and more apart and she didn't helped either, sometimes she was really untreatable, I tried to make it work, I really tried, but I couldn't handle it anymore and left because thought I was too young for something like that and felt tired. We never spoke since then. But years have passed and she added me on Facebook, out of nowhere and really I don't know what to think, I remember her as a living non stop drama, but I don't know. So, what do you think? I guess I have nothing to lose and at least I can win stopping this bad vibe that's been running for years with them. I don't know, people is meaningful to me, so it is kinda hard to just forget the ones that were really part of my life. Tl;dr: is reaching out to people you were in bad terms to make things right worth it?",normal,depression,0.9610472917556763
"I can't do anything and its letting down everyone I feel like a dissapointment. I feel a heavyness in my arms and back constantly. I feel scared. I want it to end. I was dumb tho it was my fault. I was impulsive and signed up for a small online TAFE (government subsidised community college where I live) course and I was not prepared at all. I thought I could balance it but now my living circumstances are everywhere. I'm living between two places every week. I cant login because I forgot my password and have to make a phone call to get it back. I have an assignment due and i dont know the material. I have to login to drop out of it. I'm 18 and graduated months ago and i'm terrified of getting a job. Every time i find something I could do, I feel like it wouldnt be right for me and i'd fail. I have a bmi of 25 and feel like i'm gonna be disgusting if I don't loose weight soon. But I have no income to buy healthy food, I eat what I'm given at these places I flucuate between and its always junk or nothing. So i'm down to one meal a day. I feel weak. Normal people can just fix this stuff. Make a phone call, do a course, get a job, go outside. I've been through so much, but it didnt make me stronger, it made me weak.",anxiety,depression,0.8302068710327148
I m at my s/o s fraternity s party and I m struggling. My boyfriend is in a fraternity and they re having a party right now. I m sitting in the corner just really not feeling it. And this isn t the first time I ve felt like this. I get along with his brothers really well and don t mind hanging out with them but when it comes to parties I don t really feel like socializing. I don t know if I m just too old or what the issue is. I don t want to take away from his good time and I want to have fun with him but I m having a hard time. Any advice?,normal,anxiety,0.9335148930549622
"Public mental health services never fail to let me down I don't know what I expected really. I have absolutely no faith in the system. Also, and I recognize that this is possibly irrational, I feel irreparable. I guess I hoped for better. After my appointment today with a mental health nurse who is apparently the first base before referring anyone on to psychiatrists etc I feel more depressed and despondent than ever. Pretty much nothing is going to change with regards to my care. I am not going to be referred to a psychiatrist to reevalute my medication and diagnoses. I was in the public mental health system as an adolescent but things have changed since then. One thing that remains consistent is that I feel almost like I'm being gaslit, never listened to or taken seriously. I feel as though unless I am on the brink of death they don't find me worth caring about. I just want to fix my life but I have no community, no support systems outside of my therapist who I find doesn't help me at all and my partner. I hate feeling like if I wasn't with such a lovely person that I'd be dead. I don't want to be so reliant on another person. Everything feels incredibly fragile and like it could all fall apart at any moment. I'm terrified and dysfunctional, I don't know what to do or how to find help, I don't know what could even begin to help me. I feel as though no professional who I have ever entrusted with my care has ever made a significant positive impact on my health. I'm trying to do this all on my own steam but it's too much for me to handle.",ptsd,bipolar,0.9538474678993225
Has anyone felt the effects of venlafaxine just wear off and how dangerous is it to quit cold turkey? I'm on it now for about 6 months. I don't feel like it's balanced out. Once the main side effects calmed down I noticed I don't feel any different but they definitely had been working. Now I can't miss a dose for more than a few hours without feeling withdrawal effects kick in. I'm seriously considering not taking them anymore but and will go to the doctor if necessary but just curious as it is expensive to visit. I'm not being stupid if it is dangerous I won't do it but I'd just like some first hand information from people who actually took it.,anxiety,depression,0.5406695604324341
"For the life of me I can't handle heading to the gym anymore. I'm 31 years old now, I started lifting weights when I was early 20's and I kept at it for many many years. I always loathed walking into the gym and had some anxious feelings about it but for years I somehow forced myself. Lately, I just can't do that anymore. I'm losing some muscle mass and developing a beer belly, starting to look like I'm pregnant or extraterrestrial. I'm fairly heavy set so I can pull it off with bigger clothes, but every time I see myself nude in the mirror I feel sorry for my body that I've treated it to poorly. Over the past year or so I ideally plan to head 3 times a week and can never do it...I managed to go twice last week which was a good run for me, today I had plans to go straight after work but couldn't muster it. I loath the music there, the meatheads who stare at themselves, people who scream their tits off when performing an exercise, people who stand in the squat rack doing arm curls, people who spend all day on a single piece of equipment, people on phones...everything there drives me insane, it gets so busy around 4:30-6pm I can't handle the amount of people there, the whole experience just makes me feel extremely uncomfortable, I guess some uncomfortable is a good thing but I can never get use to it no matter how many times I've tried to embrace that uncomfort. I just want to walk in, get my shit done and walk out but I can't handle it anymore. I'd love to go first thing in the morning but I always struggle with sleep and rising up. I wouldn't say I enjoy lifting weights, but I don't mind it, however where the weights are situated (the gym) I cannot fucking stand. I don't have much of an alternative, I've tried a few other gyms don't have great options around me, there is one more I'll have to try. I guess this just sounds like a whole lot of excuses. #x200B;",anxiety,normal,0.8728234171867371
Repetition You ever just replay the worst moments over and over again in your head? Sometimes it feels as if I've lost control and the memories just go on and on by themselves. Constantly trying to find a way out from what has occurred. A worthless pursuit because in the end once I've found a suitable outcome it dosent matter. It's already happened and I cant change it leading to the next cycle of repetition.,depression,ptsd,0.995775043964386
"Someone is trying to blackmail me with a Video he made at a New Year's Party yesterday. I'm one step ahead. He wants to blackmail me with a Video.( I'm one step ahead of you, asshole. This is me, sucking a guy off at a New Year's Party 2018/19. For all my friends: Yes, that is me. No, nobody is trying to impersonate me. I just want to bring it out myself, instead of giving him a Chance to blackmail me with it. Now, bring it on, motherfucker. Post that Video, wherever you want. It's already viewable. You're too late. Fuck off.",depression,normal,0.9481463432312012
Media suggestions I m in an emotionally bad place tonight. I just need Something to distract me. I just want to zone out and watch something and not have to think for tonight. What do you like to watch on YouTube? Or maybe a good movie or show on Netflix/Hulu? I just want something I can get involved in. I tried watching that unsolved show on YouTube but my poor paranoid brain can t take any more of it.,ptsd,anxiety,0.7044549584388733
"They're on the Highway, We need backroads. Taking steps so small I'm sculpted Taking steps might fall I've molted Shedding this husk so heavy Having these thoughts unsteady Dodging with a barrel roll Aww shit I lost control Well fuck it's taken me days Just to be ok And that's Just fine It's our time Up here Instead of below Never wanting to grow Flourish Excited But not manic I know it's intense but please don't panic Deep deep breath Understand it's more than fine To need just a bit more time. -Wesbeans",ptsd,bipolar,0.9990838766098022
Anyone else in remission have a lingering resentment of any display of egotism? Any time I see someone acting unduly boastful I get this feeling of disgust. Maybe it's just that lacking any feelings of jealously/competitiveness for half a year makes them feel strange when they come back.,depression,bipolar,0.9725702404975891
"Self diagnosis is never valid. No, you are not smarter than a professional. You are not more educated than a doctor. Please do not tell people you have a mental illness when you have not been diagnosed with it professionally.",ptsd,bipolar,0.6229262948036194
"I need help, please, what are options? I feel like my life is falling apart and I don t know what to do I am almost at the point of mania I feel like I m not good at anything and that I don t have a purpose here. I am beginning to feel like my significant other doesn t love me. I am starting to think my life is pointless. My life has been just one hardship after another and last year I had to watch as my mom was taken by dementia, they became someone I didn t even recognize and it has left a visible scar on me. I don t feel the same as I did a year ago. I feel like I m going crazy there s so much more but I really need help I just don t know what to do Should I go to a hospital? Has anyone here ever done that and could speak on it? Are there any solid resources anyone has used via online (Counseling/therapy?)?",depression,bipolar,0.9989022016525269
Sometimes your stress has to do with your location # Joe Rogan Podcast #1247 - Andy Stumpf [,ptsd,normal,0.9981776475906372
Serious problem that is plaguing my existence and makimg me want to end my life :( Yall ever been takin a shit and then someone walks in on you mid clench and you cant even get up cos theyll see ur dick? So you just lock eyes for a second and then they walk out awkwardly tryna act like they didnt see anything and your just sat there about to have a heart attack. Happened to me and now i cant shit when friends or family are in the house cos its scary and i dont want them to see my PP :(,ptsd,anxiety,0.9642851948738098
"Mother Called me a b***h My grandmother died and nobody in my family called to tell me. My parents abandoned me after my brother committed suicide when I was 17 and he was 15. I texted my aunt to ask her why she didn t tell me. I found out about it through obituaries when it was too late. Got a voicemail in my blocked messages from my mother that began hi sweetie and it was the first time I d heard her voice in three years. It went on to say stop harassing my sister, you fucking bitch. Bye I wasn t harassing anyone. The fact that she began with hi sweetie made me think for a split second that she wanted to make an effort in our relationship (or complete lack thereof.) I m just heartbroken and needed to vent. I feel discarded like garbage and the trauma that this woman and the whole family have caused is immeasurable.",ptsd,depression,0.8108416795730591
Is it normal to have black out after a panic attack ? Like knowing something bad happened to you but forgot every detail before and after the attack ?,ptsd,anxiety,0.7113491892814636
"I ve never cried like im crying right now (I want to throw up and and I can t breathe) (crying for more than 2 hours straight) I can t feel my lungs and my head hurts so much. I can t stand any longer, I just want to die so badly. I m having a panic attack, the meds don t work, theraphy doesn t work. I feel like I m gonna faint if I keep crying like I m crying now. I ve spent years trying not to commit suicide but I can t stand it any longer.",depression,bipolar,0.9725773334503174
good luck out there going to my boyfriend's family's Easter dinner anxious af because I hate feeling like an outcast and Im shaking good luck to all you other anxious freaks today bc idk how I'm gonna make it out,bipolar,anxiety,0.9961991906166077
"The warm glow fades as it casts shadows of doubt That's the problem with becoming close to someone so quickly. The stars line up, and suddenly a light flickers in the ever present darkness. Everything is new. It is bright and exciting again. Life has meaning. It has purpose. Reality has it's own plans, to which remaining blissfully unaware can provide a temporary sense of comfort when staring into the face of eternity. Depending on others for happiness is a reliable way to perpetually avoid adressing the root causes that prevent you from finding it within yourself. Even an otherwise functional and healthy relationship will crumble under the weight of one sides inability to truly form a connection, given they lack the emotional stability needed to build a solid foundation. You know by now that isn't the solution. Light cannot lift the darkness from outside the source. It will just burn out of control, leaving you with yet another fire to put out, and smoke further clouding your eyes.",bipolar,depression,0.7120895981788635
Im in a mental ward getting my life together Anyone here with some tipps what i can do in the freetime? I have a tablet with internet and i use the ergometer bicycle alot. Any free cool apps or something or maybe someone i can chat with in discord blutisan#0125 Thanks,anxiety,bipolar,0.9908583760261536
"I'm gonna fail I know it This year is gonna be tough on me. Inevitably, I'm about to fail and I knew it prior to the time I had chances. #x200B; Everything is blurred out, I've lost respect for myself (earlier I was very edgy) and I often cry for my past behavior and things I said and done with my friends (something like proving myself superior; however, I now know everyone is searching for meaning--to be happy, to make happy and to contribute before time punishes). #x200B; I've always wanted to be with people who share interests but unfortunately haven't met one yet :( Added to that, I'm from a part of society(not western-I love westerns) where I'm obligated to people I don't really love and wanna be with--which partly contributes to my subconscious making bad decisions :( #x200B; Bad things are coming when I'll fail my exams to college and be forces to blame it on me + losing opportunities. I do blame myself for all the procrastination, but I also blame my environment to make me depressed, seek for things that give instant gratifications and be suicidal several times.",anxiety,depression,0.9930229187011719
"Names? Do any of y'all find it very intrusive when people call you by name? I don't know how to explain it, but when someone uses my name I feel very awkward and vulnerable. I feel the same calling some else by their name. It feels like an invasion of privacy and I'm not sure why. Just wondering if anyone can relate?",ptsd,anxiety,0.7007824778556824
"Abandonment trauma? Dear strangers! I've always known I have abandonment issues but never dared to imagine that they could be more serious than I anticipated. However, I just (somehow) got out of an incredibly disproportionate depression caused by the ending of a short-termed relationship. The first part of the depression consisted of drinking, crying in the shower, insomnia and the like. Then began a phase of actively engaging in meaningless, casual sex with strangers. Thereafter began the third and last phase where I simultaneously isolated and bred anger towards everyone and everything. Not pretty. Since I'm not living in my birth country, I didn't really have anyone around to notice that I was being a mess and acting like a mess. My friends here, and even my now girlfriend, didn't notice that I was behaving poorly because 1/ they have no idea who I ""truly"" am (if it even makes sense to say that I have a ""true self"" that is different from who I've been for the past two years) and 2/ I was behaving normally around them. It just hit me a few days ago that I had been drifting far, far away from desirable behaviour and lifestyle. And that little slap on the face has made me see life in a slightly more positive life and it's already borne its fruits. So, I'm not here to talk about this. I'm here because I wonder if my past is enough to explain my abandonment issues. This is slightly awkward as it feels as if I'm listing life traumas and please don't keep reading if you're not interested or if it hits home. I've basically moved countries, cities, schools my entire life. The longest I've stayed at the same school was three years, and after that I had to change ever year for different reasons. I haven't always made friends. When I did, I had to either stop seeing them entirely after moving, or we'd keep seeing each other but less often, and I ended up getting replaced by somebody else as their ""best friend"" (which is absolutely understandable). My older sister, who was extremely close to me as a child, got expelled by my mom when she was 18 and I was 10. My mom, who was always vocal about not loving my sister and I, wasn't honest about what happened and I didn't understand why my sister had suddenly disappeared until later on. I also went through some pretty traumatic events that Christmas which I never told anyone about because I didn't feel that I could trust them. My father left my mom the Christmas after my brother turned 18. He told me that he wanted to be a good dad but couldn't bare to wait until I myself turned 18 to leave my mom. He went to live with an awful woman (who made everything in her power for my dad to stop seeing, and trusting me, which didn't fully work, but was efficient enough that my dad and I got distant from each other). My mom went into a debilitating depression that year, and I was alone to take care of her. That whole year is pretty much a blur in my head, I don't have any memories from it. My first relationships were awful too. The first woman I loved ghosted me because she was terrified of admitting to herself that she had feelings for another woman. She literally moved to another continent and only told me years later. The second woman I loved was in a pretty bad place, mentally. Then again, she wouldn't admit to herself that she liked girls. She would go from praising me to ignoring me or telling me about her one night stands. The third woman I loved was ""polyamorous"" but didn't reveal it to me until after we started dating. She would tell me about her other partners, claiming that communication was healthy. I'm not gonna go on. As I type this out, I'm split between feelings of shame and some realising that it's a lot for a girl to bear before even turning 18. But, I'm not sure it's ""enough"" to trigger PTSD and I'm wondering if I might be exaggerating/overreacting. This post isn't attention seeking, I truly am wondering and having somebody else's insight would help. Thanks in advance guys and girls!",ptsd,depression,0.9910387396812439
"I am an Asian Female Harvard Student and I want to beat the living hell out of white women all the time. I come from Houston Texas. Back then we used to have what we called strips. There was the Asian Strip, The Mexican Strip and the White strip. There were 5 major massage parlous that we always used to fight for control over. I was on the Asian strip obviously. People always wanted to go and see the white girls so we had to work 3 times as hard as them to get our customers to come back and use absolutely filthy and nasty techniques like acting like we were desperate for are clients as soon as they walked through the door and asking how long its been since they've cum. We didn't like the Mexicans but the whites were much worse to us but whenever we saw a white woman get a customer we used to run up to their strip and beat the living hell out of them, I used to be called Jazzy Hootenanny, in houston. I was very well known for beaten the living hell out of these whites and showing off my muscles after, then taking their clients for a discounted massage. One day I saw a white woman on the asian strip telling a man saying ""Don't go there, she gives sad ending blowjob"" dancing with her ass out. I grabbed the cracker clean by her hair and dragged her across the street. I beat the living hell out of her and I was so proud. I just kept thinking to myself, ""asian power"" while showing off my muscles to her. That was the last time she came to the chinatown strip. Now I'm in a totally different environment. Harvard university. Things go completely differently here, the whites work with the Asians and there is no competition between us, but the lifestyle of beating these white women is still in my system, whenever I see a white girl in Lowell house, I want to beat them to a pulp, show off my muscles and take their boyfriend in my room for a massage. I don't know if I can make it to 2022 without getting expelled for this. In chinatown we have this saying ""Once a massage girl, always a massage girl"", I have no regrets as I had to find a way to pay my tuition. The only thing that gets my mind off beating white women is when I think about my book deal about how hard it is being an Asian massage girl at Harvard University I hope to win a McArther Genius prize for it. (by Jasmine Huang Class of 2022) Any Advice?",depression,normal,0.9985811710357666
im a paranoid dumbass im currently alone in my house right now... my brother and mom left their phones. it s only 4pm and i dunno why but my mind cant seem to shut up. i cant help but get worried for them. i cant stop myself from thinking bad scenarios that might happen to them and it s not just about that i am genuinely worried if they too have been thinking of killing themselves and theyre never gonna come back anymore. i want to sleep and just forget all these stupid things inside my head but the silence of loneliness prevents me from thinking of other stuff. i feel so alone. im scared. i want to literally get out of my mind. shut all these demons up inside my head. but how the fuck am i gonna do that. im fucking paranoid. i dont know what to do anymore. help me.,depression,anxiety,0.6944233775138855
"Cooked my own dinner from scratch for the first time today It's not much, but I'm proud",depression,normal,0.9037981629371643
Does anyone have a recommendation for a good pill cutter? The two I have blow.,bipolar,normal,0.9950869679450989
"Am I the only one who gets really annoyed when the therapist asks ""so how does that make you feel?"" I get they are trying to understand the situation more but I feel like there is a less cliche way to achieve the same thing. And at the same time actually act like they care about what you're about to say.",anxiety,ptsd,0.6978475451469421
"Existential crisis ruined my life; now i want to kill myself everyday It feels like the world is ending. Every time i m fine i get thoughts like: The universe is going to end tonight , This is your last day on Earth and You don t even know if you ll be alive tomorrow, stop planning things for the future. All I do is research ways the universe will end and it just makes it worse I can t do this I can t even focus on school I just want to die.",anxiety,depression,0.9701405167579651
Irritation and depression Do you guys get really irritated when depressed? Ive been in a shit mood all week and throwing and breaking stuff at work (mechanic). Its like the littlest things piss me off and i start getting frustrated instantly. People who talk try to talk to me at work annoy me and i just want to be alone. I also give up alot quicker when im depressed and say fuck it. Anyone else do this when they r depressed??,bipolar,depression,0.9541903734207153
"I'm posting because i need to scream. I cut because i need to hide. i drunk and cut my head. i dont know how i'll explain. fell over i think. got in a fight maybe. no one would fight me, but i cut my head somehow. i fell and hit a kerb. no one needs to know - no one will care. i need to be more careful of kerbs. when i drink it doesnt hurt - i dont need to drink - im at university i have to - the pressure is too much. so many thoughts - i didnt need this - i didnt need to explain to people but i have to. i have to cancel other plans - how can i explain a cut across my head. this is my fault. no one elses.",depression,ptsd,0.5316139459609985
"Anyone else just end up blaming themselves after a fight? I just had a bad fight with my husband... We went backpacking this weekend and we had a particularly stressful moment trying to figure something out and he said, in the heat of the moment, ""You're a really crappy teammate."" This CRUSHED ME and put me in a horrible funk the rest of the weekend. Now, what he said was genuinely his fault and after he cooled off and realized what he said, he apologized profusely. But by that time, it was way, way too late. I was too far gone, down into a ""I'm a piece of shit"" spiral that has lasted through the weekend and beyond. He also has this habit of saying things in a really condescending tone which he did a lot this weekend too, because he thinks he knows so much more than me about camping even though I grew up learning about the outdoors through my dad (who has been backpacking and camping for more than 50 years). Anyway, we ended up getting into a fight tonight about how he says things condescendingly and how it affected me and he argued that I spent the whole rest of the weekend saying how everything was my fault, which I did. He seemed to use that as an excuse that I was confirming that he did nothing wrong when in reality, it is my severe current depressive state that makes me feel this way. I don't actually think it was all my fault, but emotionally, I felt it was. Then tonight, I just ended everything by saying I got us into this fight and, yeah again it's all my fault. I ruined our night, I ruined our weekend. Anyone have these times where it's just natural to blame yourself, even if you started the fight thinking you were justified in fighting?",bipolar,depression,0.5975152850151062
"It s only 4:30am I have to be up at 8am for work and I ve spent the last 6.5 hours drawing circles by hand, perfection takes time. But, I swear I m fine...",bipolar,depression,0.7832656502723694
"I am Shame I am Shame, but you can call me Dave. I m intrusive and omnipresent. I fester, I grow and I take root in your life. Like mold, I feed off you and get more repugnant by the day. Remember my name sake and his rock? No giants are safe. Whether tall or strong or ever so nimble? Never would it matter. For I seep through the cracks when you re not looking. Trust me, you don t want what I m cooking. My specialty? Seeming inane and mundane. My cousin too, lives in you, yet you don t know his name. He goes by guilt and you know he s there. For you feel his presence day after day. He reminds you, on the daily of how its your fault. How everything big and small boils down to you. He truly loves finger pointing: and his focus is on you. Once he s in, he paves way for me and Like they say, two s company. You make it a crowd and we want you out, so we ll dominate you till you scream and shout. Till you tear your hair out, trying to run away. But guess what? You don t even care. Somewhere in this limbo entered apathy, you don t know that. For you feel not a thing. Don t worry though, we can be beat. How? Just find your own company. Your friends, your family, your loved ones! call them all! Denounce us and call us fools. You see we re cowards and once we re exposed, we run for the hills and then try to keep low. We are no Goliaths, we seek out brawls. We re easy to beat if you just stand up tall. Don t fear us for we aren t menacing, we just want you to feel like an enemy. And don t be shy, pass it along. If you someone in need play them this song. Listen to them vent and complain and whine, trust me when I tell you. It s worth your time. Guilt is a cousin, he s my family. But too much time with a cousin? OH! Woe is me. Always short on cash, but don t let him trick you, he s just fine on his his. You live your life, don t let us conflict you: Your thoughts we try to bend. But try to remember, you re not your friends. We re not here to help you, but only to. Instead look upon our neighbours. There s compassion, there s love there s forgiveness and there s strength. Don t you forget, they live just across the bend. Sometimes they seem far away, but they ve got your back. That s where we stab you: Don t worry! They ll handle that. You deserve better than us and now that I ve had my say. I hope you see better days, where we don t get in your way.",anxiety,depression,0.9295905828475952
"I feel like in groups of friends I m always the least favorite Like my friends would make plans one on one with each other and I would join in later in the day, stuff like that. Recently I haven t felt invited a lot but I haven t really been keeping in contact much either.",anxiety,depression,0.9336377382278442
"I don't know who's in charge here but I'm starting to think it's not me and it's not fun anymore For a couple of weeks I've felt like... Ha ha... This is a fun game fuck you sleep everything is exciting and I am so funny plus did you know I can do anything? Then as I'm finishing decorating a cake at 4 AM... When was the last time I fed my cats...? I can't even find their food, what day is it anyway, I don't remember, when was the last time I ate or showered... why am I screaming at a chocolate covered coffee bean I thought I was in control but it's like I blinked and now I'm not or maybe I never was Trying to work but can barely focus enough to write a shitty little reddit post. But feeling massively agitated and thought it might make me feel better but yeah not really",bipolar,depression,0.9174730181694031
"I hate being around people. Today I have to visit my family. I need to vent. I've got to go on a 2 hour drive later today to see my family. I don't hate them. But I hate being around them. It's so frustrating. And they are always doing things for me, even when I say no, they go out and do it, for example putting money into my bank account and buying shit for me, and so I feel guilty, and have to force myself to see them. Otherwise they start saying shit like 'You only come here for money, or food' when it's them that always offers and argues with me when I say 'No I'll be ok', and they just go ahead and make me take the stuff. Or they've already spent the time to go out and buy something for me so then I feel guilty rejecting it. It's like forced bribery. It's annoying as fuck. I can't be myself around these people, I can't converse. I want to talk about life, how we ended up here, the control we are all under, modernised slavery, and programming of the population. You know, huge topics people should care about! But all I hear is shit about some tv programme, what they ate for dinner the night before. They can talk about this shit for hours. And it is draining. It sucks the energy right out of me, trying to hard to listen to this pointless crap and to work out a reasonable responce, to show them I'm intersted, when really I couldn't care less. It's hard to keep my mind from thinking shit like 'Why do they care about this shit when there are more important things going on!' Then they start asking me questions about what I've been up to recently. And if I tell them I pretty much sit alone at home they start to worry. Saying shit like 'so you don't have any friends over there? Why don't you go out?' And then my grandad starts clutching his chest and shit and says he has to go and lie down because he gets anxiety. Over stupid shit like me not having a social life. I begin to feel like a loser outcast. The cousins that are around my age comment on how weird I am. And so now I have to make stories up on the spot about all the 'friends' I go out and drink with and all this bs. It's extremely draining. It's like I have to put up an act for a whole day. Remembering everything I've said so I don't contradict myself at any point. It's gotten to the point where I had a breakdown and stopped working. I tried to take my own life. Obviously I haven't told them. They still think I'm working. I have to make up bullshit stories about work. I feel really guilty. But they're the type that'll constantly complain about me not working, then I'd have to explain why. And I don't want to. Why should I have to? It's my personal business. I don't want to show any weakness to these people. I don't trust them. The comments and back chat that'll come from this. I don't want it. And if they worry it'll be constant calls from them checking up on me. I don't want it. And I'm also bankrupt now and behind on bills and shit. I had a crap piece of shit car and the clutch went on it. And so they went out, bought an 8,000 car, said 'here you go, this one should last you a while' and said I can pay them back monthly for it. I've been struggling like hell to pay this stupid car that I never even use. This month is the first month I've been unable to pay for it. And so I had to make up shit and say that my agency isn't giving me much work. And so now they've started advicing me on new jobs to apply for. I can't leave my house. I hate it. I go to the shops purposely in the middle of the night to avoid people. When I'm around people, and they start looking at me at shit, it freaks me out. I think it's possible that the government has spies and shit monitoring the public and forcing them into the system. I can't do it. Now I'm in this massive web of shit lies. And I've got to go over there today and pull more bullshit from up my sleeve. I know that it'll be hours of my grandmother surfing the internet showing me jobs to take. When I've been signed off sick by my doctor for a year now. Wtf do I do? How to I make it through today anyone?",anxiety,depression,0.9894311428070068
Overshared and scared her away :)))))))) I really need to stop exaggerating my place in people's lives holy shit.,depression,anxiety,0.49001020193099976
I can't do it. Every time I do something or play something to lose my self I'm a selfish pos that doesn't want to talk to wife. Then when she goes off I just freeze. WTF! Do I do,ptsd,depression,0.7633933424949646
"(Canada) How do you guys feel about #BellLetsTalk week this week? I hate it so much. Great idea, raising money every year but oh my god is it just an excuse for everyone to beg for attention about their struggles. The focus should be on awareness of mental health and illness. not on Jenny, a 17 year old girl with anxiety and depression who wants to one up everyone's amount of hospital stays and suicide attempts in a 2 paragraph long post that never talks about anyone else but herself. Plus no one ever raises awareness for anything except depression and anxiety and it drives me nuts! Oh man, sorry I'm annoyed, what do you guys think?",bipolar,depression,0.6891043782234192
"My husband wants a Dom/sub relationship. With abuse in my past, I'm not ready. Hey guys, thanks for being around. This is a new situation for me, and just don't know where to turn in figuring it out. I'll try to keep the backstory brief; let me know if I leave anything out! In college, I was in an abusive relationship. It was mostly emotionally and sexually abusive, minimal physical abuse. To make it worse, a pastor ""friend"" saw some of what was going on and became spiritually manipulative as well. I was able to finally/completely break ties with all psycho people when I graduated (I was 20). I'm still a Christian, and am able to separate what I actually believe from what happened with the ""pastor"", who happened to believe a lot of fundamentalist things about gender roles. (Sorry to include religion; it's just that my experience with Christian patriarchy feeds into my aversion to BDSM). Now, I've been married for almost 6 months and my husband and I were together for 2 years before. He told me after we were married that he's always been interested in BDSM. I can totally respect it, but my main abuse trigger is about losing control. I've worked through so much in regaining self-confidence, equality, and a sense of what I want in life, rather than what a man tells me. My husband has been a huge help in this process, by the way. I just am concerned that I would be erasing my sense of self if I agree to be his submissive, because I associate it with patriarchy. He's been really patient, but I'm kinda pissed he didn't mention this before we got married. I want to take it slowly and figure out what I actually want and am comfortable with, but I don't want him to feel stifled. He's so excited he can ""finally"" share who he is, he's been obsessive over learning more about it and consistently asks what he can do to make me feel comfortable with it. I am learning now just how much more healing I still have left to do, and I just want my equal partner and friend. Please help. **tl;dr- Husband wants to be a Dom, I don't want to be a sub**",normal,ptsd,0.9955347776412964
"Propranolol for presentation anxiety question Recently was prescribed propranolol for my presentation anxiety. Even sitting in a presentation (the smaller audience the worse) spikes my anxiety to the point where my heart is beating out of my chest, hands are sweaty, and stomach is churning. I took a 10mg pill as a test the other day about 20 mins before a meeting and it seemed to help a little bit. I still had sweaty hands. After getting home about 2 hours later, my heart was racing, I felt dizzy, and my hands were still sweaty which never happens once my trigger situation is removed. #x200B; Is this a bad side effect? Or am I just not taking enough of it? I give a presentation tomorrow and don' know that I will have enough time to really experiment with the dosing. One 20mg of alprazolam usually does the trick for me during these anxiety inducing situations.",anxiety,ptsd,0.9237626194953918
"Have you ever tried explaining your depression to someone but it makes you feel more alone? Like explaining how hard it is to get up in the morning for you, but they say they get cranky and want to stay in bed too, but they still get up. Like if they can do it, I should be able to as well. I get that they mean well, but it just makes me feel like I should find people that understand.",anxiety,depression,0.9974191188812256
I go to the doctor and he asks for a stool sample. I pull out a small chair from my bag. The doctor yells at me for wasting his time and kicks me out of his office. I go home still not knowing why I'm shitting furniture. My nightmare continues.,normal,ptsd,0.9955615997314453
"I feel like I'm failing again I was really making big progress for a while, about a couple of months. People were noticing and I was getting a hold on my anxiety. I spent a lot of time trying to change my thought patterns, and I ignored my friends and my responsibilities. I just didn't have the energy to get any of my school work done and my parents have gone right back to distrusting me. I neglected my friends because talking to people feels like a chore right now, but they probably think I'm just being an asshole and I don't know how to fix any of this. Today was absolutely fucking horrible because I realized I'm right back where I was before; miserable, stressed, and lonely.",depression,anxiety,0.9305479526519775
"How do I stop breaking down every time I hear a baby cry? *TRIGGER WARNING: VIOLENCE AGAINST CHILDREN* when I was 10 years old there was a chain mail going around about a little 2 year old boy who died really violently after being lured away from his mother. Every time I hear a toddler or a small child cry my brain thinks ""Oh my god, if this child is screaming so badly even though theyre safe and sound I can't imagine how terrified and scared and how hard that little boy must have been crying."" Its been almost 20 years since I saw that chain mail. It's a true story. It resurfaces on my Facebook news feed on the anniversary of his death every year and last year, I saw his picture for the first time. Now every time I am around a small child (and thats quite often) and the child cries, my whole body panics and I fixate on how terrified that little boy must've been and I get horrifying scared for any children. I know I can't save the world and I know I can't control the actions of bad people in this world, but how can I stop these thoughts from paralyzing me and ruining my mood every time I hear a child cry?",anxiety,ptsd,0.8795290589332581
"Forgetting to refill my prescription led to a bit of an epiphany I have always wondered at the difference between being medicated and not. I take 50mg of sertraline daily and I honestly can't say enough about it. I still worry and think but nothing starts to snowball and descend into the destructive spiral that used to be a weekly occurrence for me. Over the past few days, I have forgotten to refill my script and thus have missed a few doses. I haven't begun to withdrawal but I am starting to feel my old mindset making a comeback. I am not crazy about instances like this but I think it does provide an opportunity for perspective on the benefits and drawbacks of medication. I can compare how I used to be and maybe even express it. Anxiety with me never felt like it was coming from inside. It always felt like it was handed to me from others. Ever since I was little I can remember this welling up of energy within me. Like a geyser in my chest. It hits my eyes and finger tips and the world seems crisper and more highly defined. I see minute details of faces, objects, my reflection in the mirror and they bring a small but fundamental delight to some base level of my understanding. The energy hits my brain and then all I want to do is run or work or write or play. I tell the people that I love that I love them over and over. I want to joke and laugh and basically just do backflips until I collapse in a pile of warm, serene exhaustion and sleep deeply through the night. Then, I notice that not only does pretty much no one else seem to feel that way; most people are interrupted by my mania. What to me seems like amazement at this world we just get to exist in is interpreted in others as restlessness and seen as an irritating distraction. Some of my earliest memories are being shushed in restaurants, feeling my father's hand squeeze my shoulder when I try to talk in a group of adults. Everything seemed to be a wall. Nothing seemed to affirm. Naturally, as children do, I internalized this. I began to worry about making people uncomfortable. I started dreading the look on someone's face that has just been offended. This usually either resulted in my feeling awkwardly wretched or reacting to it with self-destructive overreaction. The prospect of ""everyone is only just putting up with you"" became a focal point in my mind. This prospect became a cloak of fear that I wore day in and day out. After about 13 years of this feeling, I finally spoke to a doctor who was completely awesome about it. I started taking sertraline and very quickly formed one of my favorite memories. I was out for a run and just thought ""so *this* is what it is like to be other people!"" Today's epiphany was that maybe I give up the sharp edges and joyous tears by taking my meds. Maybe this feeling of verve is not odd nor shameful and everyone else is bound by some silly accord of formality. Maybe if I had been told ""yes"" a little more as a kid I would not have spent over a decade tilting at psychological wind mills. Maybe this is what and who I am supposed to be. After all of the maybe's though I come back to the immutable truth. The David Wallace ""capital T"" True: It is exhausting to live this way. My body and mind are taxed to an unsustainable degree. Burning twice as bright means burning half as long and I just don't have the strength. If you are still reading and if any of this has resonated with you know that you are not alone, truly. There is no shame in admitting your limitations and living by them. Talk to someone. Take something (responsibly and healthfully). Do whatever you need. Thank you for reading and be careful.",anxiety,bipolar,0.9984169006347656
"I think I am fundamentally incapable of friendships. I don't know if the phrase ""I have quite a few friends who want to hang out with me, but I push them away"" resonates with a lot of people here, but for me it's always been ""I try to make friends, I put myself out there, but nobody is receptive to me"". If I ask someone to hang out, they usually don't reply or half-heartedly tell me they're ""busy"". And I need not even point out that I almost *never* get invitations from others. Is there something wrong with me? :'( I've been working really hard on CBT material to convince myself that I'm not a loser, but it's really hard.",depression,anxiety,0.7179288864135742
"Anxiety while waiting for text messages! Advice needed! So last night my bf who lives an hour and a half away told me he wasn't feeling well and then the last text I received was around 7:30pm. We see each other on the weekends and once or twice during the week. When we're apart it is extremely rare for me to go more than an hour or two without hearing from him. After 2 to 3 hrs I start panicking. My brain goes to all the what ifs in the book! In this scenario I knew he was sick and probably just went to sleep, I kept telling myself this but when 10pm came around and I still hadn't heard from him I laid awake worrying. Finally fell asleep around 1:30am with the help of my dogs reassuring snuggles. At 5:30 I woke to no messages sigh. 7am I go to work...Still no messages. After my 8am meeting I anxiously checked my phone still no messages. So I called him...nothing. Called on fb messenger...nothing! Finally, around 8:30 he texted me that he was still sick and had been sleeping with his phones ringer off. I about cried with relief. My body was a wreck by this time. Heart beating fast, stomach flip flopping! Mind racing! Can anyone relate?! I always think, back in the days before texting this scenario wouldn't even have been a thing but now with instant expectations it's hard not to fret when a loved one ""disappears"" on us. Any suggestions on how you handle these situations?",ptsd,anxiety,0.9977339506149292
"Does anyone else find hardcore punk or similar genres oddly cathartic and soothing during a panic attack? I was having a panic attack at a friend s house and listened to Converge on the way home and I felt so much better. I would ve thought music like that would make it worse, but it did the opposite.",bipolar,anxiety,0.9840996265411377
"Starting Lexapro - what to expect? I just got prescribed Lexapro for (what I'd describe as) mild depression and social anxiety. I don't have panic attacks and I can function normally in public, but I'm very anxious and have lots of trouble making friends and I'm really lonely, and that makes me depressed. The psychiatrist wanted me to start on 10mg a day for ~2 months, saying this would help me with CBT and exposure therapy. He said the side effects wouldn't be too bad. Just wondering if any of you have gone on Lexapro, what were your experiences w/ the effects and side effects, and did it help you much?",depression,anxiety,0.96954745054245
"I M broke up 2 months ago after 3,5 years. She f already is with somone else and i can't deal with it.Can't sleep or eat. A bit of backstory: she is my first and only love and i had a great time as long as it lasted. The last year was a bit on and off but i thought everything was going well. She was my best buddy my life my everything. I lost my father from cancer 2 years ago and she was there to help me. Now i don't have either of them and i feel so alone and lonely. As title says we broke up two months ago with her saying i was the only one that she had in her life and that she thought it wasn't leading somewhere.First few days was hard but i thought i was coping it well. I really thought i was the only one for her and i never really thought she would find someone else. At least not so fast if that makes sense. So fast forward to a week ago i find out she is dating someone else but wasnt 100% sure. I send her a message saying that i would like to meet her. At this point i must say i always had and underlying depression going on and off.Declines and says we should text instead. Yesterday I pour my whole heart out and tell her exactly what my thoughts and feelings were. That i thought we had a chance still and if she feels the same etc. I don't know why i did that. I think it's because i really wanted to eliminate any chances that we might still be together. Of course she said she doesnt feel the same, said that if she could have done something she would have done it when we were still together and confirmed that she is seeing someone. I cried. A lot. Here i should add that i dont really know if she cheated or not but i trusted and loved her with all my fucking existence.Told her i will send her some stuff i had of her because seeing them made my heart ache. And asked if she could delete me on facebook and instagram as i was too coward to do it. She said she won't do it because she doesnt want to. I couldn't sleep eat or drink properly. I can't stand the feeling. My whole body aches. COMPLETELY. Im on the verge of completely shutting off i can't function anymore. Is there any tips on what to do? Is there any salvation for me? TL;DR: Broke up after 3,5 years 2 months ago.she was my first love. She is seeing someone else already and i always thought that i was the one for her. Pain unbearable. Crying all day. Can't sleep,eat,drink properly. What to do? Has any of you been in a similar situation? What did you do?",normal,depression,0.7111403942108154
"So my dad always abused me as a kid... ..but I knew it wasnt his fault. I wasnt gonna abuse him back, I was gonna abuse what made him do that to me. So thats how I became a raging alcoholic.",normal,ptsd,0.9941613078117371
"A quick poem I made Phasing through. The Night. The Day. Hoping all will soothe away But the pain decides to stay. I wish I was, I'm not Okay. #x200B; Sun shakes up, Moon feeds sleep when stand up, the hurt is deep when lay down, the cue to weep, Into tears and thoughts I leap #x200B; Thinking through and through and through Trying to take another view, Trying to kill what in me grew, Tossing myself into the blue #x200B; do i stay or do i go do i hide or do i grow do i think or do i know To me, myself and I - I owe",depression,ptsd,0.7715559601783752
"Help - My (26F) anxiety/PTSD is badly affecting relationship with bf (M26). Continue the relationship or breakup to better work through my issues? Thanks a lot for reading - I know this is a bit long. I have posted here before without much success but I am in need of some serious help and advice. I've been stuck in a rut for years now and its badly affecting my life and the life of my bf. #x200B; I need to give you some background first. When growing up, my mother was not in the picture until I was 13. I was raised by my father, who is nothing short of a monster. In public he is a very charming, successful man. But at home he terrorized my brother and I: he drilled into us that we were disgusting, repugnant filth that didn't deserve to be treated as human. He would remind us he wished he had never met our mother and had us, and he was angry and disgusted that we reminded him of her. He would hit us, starve us for days, exhaust us by making us do things like run up and down stairs for hours or take freezing cold showers for hours. He spat in my face and forced washing powder down my throat. He would make us sleep on the floor for weeks or sometimes forbid us from sleeping at all, making us stay awake all night in his room while he slept. He would make me prepare his food for him when I hadn't been allowed to eat for days. #x200B; Other times when he was feeling kind and loving, he would treat us very well. Tell us he loved us, give us a lot of attention and warmth. He could change from being loving to the above cruelty in the space of a few minutes, with no warning. I have no doubt he genuinely did love us. But I think he was an abusive narcissist. At 13 I ran away from home and was put into the care of my mother, who is sweet and kind. At 20 I completely cut my father out of my life, but I didn't receive any therapy for what I had been through and I struggle with the fallout from it now. #x200B; I have had 3 serious relationships in my life, and in all of them, I have had a lot of anxiety regarding the relationship. The anxiety manifests like this: I am insecure and can easily misinterpret something my partner has said or done as meaning that they don't care for me. I think its because I spent so long under the control of someone who really WAS cruel to me and really DID enjoy it - I'm wondering if its a form of PTSD. I have become better at managing this over time. As I have gotten older I can reason with myself more and I know that they do love me. But I still often need reassurance from them. I know I still need this reassurance too often, and I am looking for a therapist to see so I can work through my issues. I want to be able to be in a relationship without this anxiety/PTSD ruining it. Although we broke up for unrelated reasons, my past boyfriends have told me that this issue got to them, and they felt like I always assumed the worst - like I thought they were bad people. I really dont want to make partners feel that way. #x200B; Outside of this issue he is a wonderful, thoughtful and loving boyfriend, however my current partner of 5yrs has had the worst time dealing with it of the lot. I am careful to bring anything up in terms of myself and my feelings (i.e. NOT by saying something like ""you did \_\_\_\_\_\_ wrong/you dont care about me. But by saying ""when you said \_\_\_\_\_\_ I felt \_\_\_\_\_\_\_\_, can you explain what you meant?"") All I need to feel better is reassurance that he does love me, a hug, a brief explanation of what his intention was so I can understand. But if I bring something like this up, he becomes very defensive. Instead of telling me he loves me or offering kindness, he spends a lot of time telling me why I am wrong and what he did/said was right. For me, that makes things worse. I'm not trying to tell him that he was wrong - I know he wasn't. What I need is for him to show me love and understanding. When he refuses to do that ... I feel lost and rejected. It becomes he said/she said, and ends up going in circles so I become unsure of what even happened in the first place. This cycle has happened so many times now that I am scared to ever tell him if I feel upset, because I know he'll get defensive, I'll feel completely unheard, and my feelings will never end up being addressed. I've most recently been having panic attacks when this occurs. I will feel out of control. The feeling reminds me of how I used to feel when my father was tormenting me, even though I know my boyfriend is kind and caring and nothing like my father. I think the cycle reinforces itself because when he doesn't show me love and kindness when I bring things up, it makes me even more insecure next time. #x200B; We've been long distance for a few months now, and the distance is about to be closed. I'm scared to see him because I don't know how things will be different between us. I dont want to go back to this same cycle for the rest of my life. Even though I am going to see a therapist and hopefully learn to solve and manage my anxiety, I know I can't achieve that overnight. It will take time, and I don't know how I can do it with a partner who is not supportive and kind when it comes up. I know I can't imagine how frustrating it must be to deal with me being like this and how it must constantly grate at him when I can't just trust in his good intentions. But when I tell him my thoughts, then ask him what he thinks of our communication problems, what was causing them, or what he thinks we can do to solve them, his answer is ""I don't know"" or vague stuff about his own insecurities that he won't expand on. It makes me feel like he hasn't done much thinking on this stuff and things from his side will just be the same as ever. His attitude has always been to ignore problems and say ""things will work themselves out."" I have a huge amount of anxiety about breaking up with him as I love him so much and our relationship is so good outside of this issue. Should I go back to him and try to keep working on my problems? Or is this something I just can't make progress on while being with him ? #x200B; TL;DR: I have major anxiety/PTSD due to childhood trauma and abuse. I am going to see a therapist for treatment and to learn how to work through these issues. My current partner is not understanding about these problems when they come up and gets very defensive. I love him very much and aside from this our relationship is good. Should I continue the relationship while seeing a therapist or do we need to break up so I can make progress on my issues?",normal,anxiety,0.6432849168777466
"I have to be around a friend who said our friendship is not worth fixing He treated me horribly for months, then had the audacity to send me a cover he did of MY favorite artist telling me he will always love and care about me... empty words considering he WASN T supportive at all during the past couple of months. When i asked why tf would he send me this? He said he just felt like it. And when i gave him the choice between fixing this friendship or just being cordial for the time we have to spend around each other (3 months) and then going our separate ways, he said he doesn t think it can be fixed because we ve changed. When i pressed him on saying specifically what changed, he said that he grew resentful how i asked him out to events or for NORMAL friend activities when all he wants is to have friends that will let him be alone all the time. And his way of distancing himself (unconsciously) was to treat me like shit. Our other friends are telling me to try and stop the tension, but HOW am i supposed to break the tension with a friend who s an asshole, even tho he s perceived as the puppy who needs protecting (he has a history of being isolated and has bouts of sadness, so he sulks around and never explains what s happening to him even tho ive tried DOZENS of times to help and be there)??? Considering that I m the one always trying to make the group have fun and enjoy themselves, the tension isn t coming from me. I just want peaaaaace. I genuinely loved him but he turned out to be a terrible person with the emotional maturity of a 5 year old. Fuck him. Tl;dr he treated me like shit for months as a way to distance himself because he didn t appreciate my desire to be around him. But I have to be friendly for the next few months on a daily basis because our lived are too intertwined.",normal,depression,0.9444973468780518
"TW: suicide. I want to kill myself more than ever. Have you guys felt this way... and made it past it? I m just so tired from fighting and the PTSD/bipolar symptoms in general. My mind and body feel so sick and chaotic everyday. I ve been fighting so hard for so long and I m just exhausted. I don t want to be here anymore. The reasons that I normally would hold on to, that have been keeping me alive are still there but are not having the same effect. I don t care anymore. Being dead seems so calm and relaxing to me. When I think about it, I imagine how it feels to float in the cool ocean. My mind can finally be at peace instead of on fire. I have already been kind of formulating a plan and what I would say in the note. I m scared that I feel like this, I don t want to view death as so enticing and the answer to all of this but I can t help it. Will this pass? Have you guys felt this way before? I am scared that I will do something irreversible before it passes.",ptsd,bipolar,0.5892685055732727
"As someone who is usually aloof, alone, enjoys being by themselves and isn t very romantic...I suddenly want a boyfriend but not a relationship. My last relationship was a year ago and this entire year I was happy to be by myself because being in a relationship is such hard work. Seeing all my friends happy and cuddling with their SO s has me weirdly craving affection. I usually don t like relationships because I m immature and I get sick of people really quickly and I don t think it s fair to treat people like that. How do I get over this feeling? I don t want a boyfriend but I want the affection and cuddling and the good parts. Relationships just aren t good parts though. I m not feeling lonely or anything. There s just something wrong with them. I think I should unsubscribe from r/YESSO",normal,depression,0.9055928587913513
"It s Christmas Eve I went from wearing a flower crown, a pretty outfit, my favorite lipstick, and dangling earrings, prepared to eat and have fun with my relatives, to crying my swollen eyes out alone in my room for no acceptable reason in just a matter of minutes. I don t know why I m like this every holidays, but it suck and I hate it. I hate being like this. Does anyone else feel this way during the holidays?",bipolar,depression,0.9799560308456421
Just got robbed. Lost nothing. But I'm really scared of potential robberies. I can't get the thought off my mind. I have exams tomorrow.,ptsd,anxiety,0.8403167128562927
"GF got into doc program, either I slow my weed or she's gone. All I want to do is cry while holding our dog. I am a failure.",depression,normal,0.7977873682975769
"Meds not working or depression getting worse? Long time lurker on just, reddit in general. I figured finally, why not actually make a post? Not trying to make this too long. I've had OCD/GAD for 10+ years. Therapy all the years, but the past 4 years, they decided depression as well. I've been on Zoloft (Sertraline) also, the entire time. It's fluctuated, from 50mg and now, recently up to 150mg for the past month because either the meds aren't working anymore or it's getting worse. It's hard to figure out what to do and what to say to people to try and describe how things are getting worse or why. In January I was scheduled for a surgery to take care of sexual trauma from 5 years ago, had to postpone it until this May so not sure if that has something to do with my mental state. 4 years ago I was diagnosed with a chronic illness as well. It's kind of like a chicken-and-egg scenario now, like which came first, the anxiety/depression, trauma, or illness? I don't really think on that too much but I also don't throw myself pity parties too often. I'm a college student, should be graduating this year. For the most part, I thrive. I've had maybe two or three off semesters and registered with disability services for the physical chronic illness. I've always had the boot-strap mentality but I give myself self-care too. I thought I was really lucky, and thought I had it all figured out. I was happy. But the past three months I've been in a depression spiral I've never felt before despite the med increase, and it's scaring me. Specifically with sleeping and really vivid, terrible anxiety dreams. Probably the reason I'm awake right now. The best way I can describe it is that I'm drowning. I've managed all of this so well in the past, always been super proactive since I was young when it started and circumstances made me take care of things before they got too far out of control. I generally can come back and retain an optimistic attitude. I have extremely PASSIVE thoughts of giving up recently, but not suicidal because I convince myself my dog would never forgive me (or my partner/parents/sibling/etc, but mainly my dog). I'm just kind of at the end of my rope and feel like I'm too busy to try and start all over on a different anti-depressant. I can just keep bumping it up, but I never really wanted to be on a high dose when I did so well on a low dose before. **TL;DR** OCD/GAD, trauma, physical chronic illness depression, generally managed well not so much past 3 months. Increase in zoloft doesn't seem to be helping. What do I do?",depression,anxiety,0.9420048594474792
"Just need to ping out to some of you satellites Been doing okay in general but just feeling like the corner is a little empty lately, and it's a bad time for that. Wanted to reach out and just talk to whoever This achy heart just hurts. One day at a time I guess.",bipolar,depression,0.8101235032081604
"Newly diagnosed, would like to particapte I don't see on first glance any real introduction posts or 'my story'. Is that taboo here? I am really in the initial phases of things and don't want to cross any lines. I'm here more to read and learn and try to begin to understand, along with help from my counselor.",ptsd,bipolar,0.9185752272605896
"Where do monsters live? Monsters don t hide under our beds, they live inside our heads.",depression,normal,0.9977171421051025
Could this 4 letter acronym cause illegal drugs not to be as effective on me? Sadly I have noticed that many illegal drugs do not affect me like they do to others. Cocaine doesn't affect me at all. I've also noticed a decline in effect when vaping marijuana. But I might do so soon. Trying to hide my smoke isn't working so well.,ptsd,bipolar,0.8606427311897278
"CW: meds not working, emotional break down, panic attack, suicidal I think i might finally end it soon. I m relapsing hard. I ve never been racist or homophobic or transphobic, yet just for having different opinions i ve been called scum. Just because i think everyone should be treated equally no matter their race or sexual preferences i get twisted into a villain. I get ganged up on and my supposed ptsd has gotten so bad that i can hardly shower anymore because i think about bad things the most in the shower. Without music to distract me. I have to sing to try get my mind off things in there, once im out straight back to my music and drawing. It s all that distracts me. I try to be respectful as i don t like conflict. But over and over the things my social anxiety makes me think becomes a reality. People have showed me that despite years of been told that ll never happen it dose. I m paranoid, i have a lot of ptsd symptoms from my teenage years of 24/7 bullying. 3 years of been tormented in my dreams, at home and at school. Not to mention the things i always heard. The people committing suicide too. Even in my dreams i have nightmares of been surrounded by kids with distorted faces, cornered and laughed at. Ganged up on in my dreams. I could never escape it. Ever. Yet people assume some how that i don t know what trauma is. People made me feel like i ll never survive. That i ll eventually just kill myself anyway. Maybe they re right. I doubt i will make it in life, but right now im too scared to die. But put it this way, i ll never have kids, i don t want any of my kids to live in a world like this. That s slowly becoming corrupt and even harsher. For every step forward, somehow we take a step back. History will repeat itself. We re all going to die. I think my meds have stopped working. I m just scared. I want someone to tell me everything will be okay somehow. But from what i see, it ll never be okay. Even if i move somewhere remote, i ll eventually die from paranoia. I m scared.",anxiety,ptsd,0.9920416474342346
"Visiting dying family members? Hey all, I'm sorry to be so morbid right off the bat. I have a great aunt that I've always been in good touch with my whole life, I love her. And she has lived a very long life, into her nineties. The past week, she was in the hospital with kidney failure. And then her body decided that it didn't want to eat anymore. She is dying, bluntly. My dad is going to visit her tomorrow, and I have class. I'm sure I could blow off if I really wanted to, but I don't think that I could handle it. My dad said he'll probably break down. If that happened to him then I can't imagine what I'll do. The moment I heard that she was saying her goodbyes, I barely made it back to my dorm before breaking down and crying. I couldn't handle going to see her. I couldn't put on a brave face. I feel like 20 is too young to be so close to death. And I'm not ready for it. My dad said it's my choice, but I don't want to go. Is that fucked up? I really just probably wouldn't even be able to set foot in the room.",anxiety,depression,0.9736177921295166
how old are you ? and how is your life ? I wonder what's the average ages here.. and how is your life going ?,depression,normal,0.5323682427406311
"Dentist visit disaster (I'm on mobile so please forgive any formatting issues) I've had a horrible day. I had to go in to get a couple cavities filled and get my braces adjusted. Dentist visits are hard for me on normal days, they are very triggering but I work with my dentist to relieve that stress. I often ask for several breaks during longer procedures and during my wisdom teeth removal (I wasn't put under due to health risk) he brought in a tech specifically to hold my hand through it. But today the office had me see a different dentist, without telling me. This already shoots my anxiety up through the roof (not helped by my orthodontist being on vacation so I'm temporarily seeing one I don't know). But it kept getting worse. The dentist was rushing through the fillings, making several remarks on how little time he had which made me too anxious to ask for any breaks. Then he filled one of the cavities, but forgot to numb the tooth. That sent me into a complete breakdown. The pain mixing with my already present fear of being there was too much. I had a panic attack and cried through the next thirty minutes of my appointment. The only person who tried to help was the technician who always helps do my orthodontic work. She sat with me for fifteen extra minutes after my braces were back on to calm me down. I still cried through most of my drive home, which is 20 minutes but took me almost an hour today because of all the times I pulled over to calm down.",ptsd,anxiety,0.9970152378082275
"Looking for a new job while in school. Any suggestions? I want to go back to school, but the classes I need to take at the community college are in the mornings and afternoons. I work a full-time job 8:30 to 5:30 to support myself. I've been looking for a job where I can start later in the afternoon and work full-time. Anyone have suggestions or share experience if you have been in my situation.",bipolar,depression,0.6387012004852295
Talked to my granny one the phone She said she misses the old me... All I could say was I do too.,depression,normal,0.9650654792785645
"Catastrophic anxiety + panic anyone? Anxiety in itself isn t new for me but this is next level. From my own mortality to the plane I m flying on crashing/hijacked, to the car crashing and bursting into flames with my children inside while only I escape, to terrorist attacks in a city McDonalds... it s becoming a huge problem. I get so carried away in the thought of whatever scenario I am picturing that I get to high panic really easily and I can t talk myself down easily and hit a benzo as needed. I m going overseas in 6 months and the I can t go. This will happen has already started. Anyone else? Fuck this. I haven t had this in my life for over 10 years and have no idea how I got over it back then. (Am in therapy, don t have an appointment for another month)",bipolar,anxiety,0.9966846108436584
"I have thanatophobia It's gotten a lot stronger over the last decade. A few weeks ago, I was watching Ned Kelly. There's a kinda graphic death scene in there that was a little too realistic for me, and it ended with me gasping for air like a fish gulping water and clutching at my chest. I nearly threw up. That was the most severe reaction I've had, and I think it's getting worse. Lately it's been everywhere. I'm 32 now. I'm aging. Not a lot, but enough to notice. Every grey hair, every patch of less-than-taut skin makes me feel like the grim reaper is looking over my shoulder. Hell used to scare me, but I think the nothingness scares me even more. I have friends who say they want to die one day and I don't understand it. Death is the most terrifying, worse than any boogeyman kind of thing I can think of, but the difference between that and some of my more unrealistic fears is that I know death is real, and inevitable. It's waiting for me, and I don't know when or how. I'm running out of ways to cope with it. It's in my dreams, it's there when I wake up, and I can't rationalise it away. I'm going back to therapy. I have to get over it somehow, or I'm going to spend my entire life in fear of something that's going to destroy me before it even gets a chance to lay its fingers on me, and my last moments are going to be horrific. I don't know how ""normal"" people do it. They flirt with death every day, crossing busy roads and making poor life decisions. I envy their ability to be oblivious to it. Has anyone dealt with this before? Did you get over it?",ptsd,anxiety,0.9933590292930603
"Worried I'm back in my house again because I decided that I had stabilized enough and there hasn't been any changes to my medications for almost a month. I'm worried though. School is starting up again on monday, and I'm worried that what little progress I've made with my depression is going to dry up again. I'm worried that this cycle of drop, minor improvement, drop, is never going to end. And that I'm going to end up either in the gutter or on the end of a rope. For the record, I'm not planning on killing myself right now. Nor do I think I will be that low for a bit longer. But I don't see how I can ever beat this. And I'm just worried.",depression,bipolar,0.8847545385360718
"i might have to vent stressing out - like it's accumulating - i can't get yet back to center/balance. i know how i am - if i can't calm/peace, it builds up - then BAM - and i don't wanna go there.",ptsd,anxiety,0.7188497185707092
"Bro im scared of politics and technology I lean one side heavily politically but ima not say. I feel like people don't know how much politics influences life and if we ignore it, it becomes the force that takes hold of most people's lives. Im scared of technology. I am somewhat computer literate. But it has reached a point where technology is incredibly complicated for me and most people now. Whoever knows and uses that tool gets control. The thing is people just do bread and circus and we all become compliant. People are ok with fast food now and not paying attention to health or other critically well being States. My post is basically im scared is that we live in a world where technology is so advanced people dont know how it will be used against them. I think hunter s thompson said something about technology being used against people and their own best interest and the people who it effects for the worse are the ones not paying attention. Im scared of the possible anti-intellectual phase tge world turned to.",depression,anxiety,0.9795857071876526
"How do you deal with and sit through intense emotions? I'm a reactive person and I usually end up doing something self-destructive. When I'm feeling something INTENSE, it's usually not possible for me to talk to somebody, or 'run a bubble bath' as self-help people would have you do. What are some things you all do?? To prevent yourself from coping in negative ways...",bipolar,ptsd,0.6184259057044983
"Does anyone ever feel like they kind of forgot how to live? I constantly find myself reminiscing about when I was younger. I did so much more, and was a lot more active. I was able to be content alone. I kept myself preoccupied with tv, books, crafts, and exercising. These last few years I have found myself kind of doing less, and as of late kind of nothing. I will be good for a couple of months then it's like I forget to live. I'll mainly just sleep. Eat. Work, and take care of my kid. Pretty much doing the minimal daily thing. So I guess I was just wondering if anyone else has gone through the same thing..",bipolar,depression,0.9779215455055237
"My mood is different every day. I don t know what causes it. If it s anxiety, depression, or ADHD. I m not bipolar. I ll wake up angry and be angry all day, wake up happy and be happy all day, wake up anxious and be anxious all day. I find ways to turn my bad days around but it s crazy how different I am day to day. Any input?",depression,bipolar,0.9985787868499756
"My mom basically told me she doesn t want to be alive anymore I m almost 23, and had a massive depressive episode when I was 20. Almost killed myself. My mom was my rock during this time. Now it seems like the tables are turned, but I have no idea how to support my mom. I ve been telling her to seek therapy for over a year now, but she s convinced she doesn t need it. She s stressed about stuff going on with her aging mom, who is in a nursing home and is going through a lot of legal stuff that is complicated. My mom is basically handling all of that, while also being a traveling Navy reservist and a nurse practitioner. She wants to quit her job but feels like she can t because she s supporting my younger sister so she can go to school. I want to help but I m so lost as to how. I want to talk to her but I freeze up and never know what to say to be supportive. It sucks because she helped me so much when I was going through this and now I feel useless to help her. Any advice? My dad is trying to be there for her as well, as well as my younger sister. I feel helpless.",depression,bipolar,0.9101994037628174
"I let myself feel sad today, and now, I'm happy about it. I've been riding a huge emotional roller coaster over the past week or so. A combination of post-traumatic stress, loneliness, an unhealthy living situation, and other things left this nagging feeling of sadness inside me, like a little lump in the back of my brain. Of course, nobody LIKES to feel really sad, especially when you're already suffering from depression, so I just kept myself distracted with YT videos, music, podcasts, etc, *especially* at work (which is also where my recent trauma occurred.) It felt great knowing I was making good progress at my job, in spite of recent events. At the same time, I was getting more tired of carrying this nagging lump of sadness in my head. It was practically screaming ""Hey, I'm still here! I have needs too, you know!"" Today, however, it became too much. I was fed up with dragging this pain inside for so long, and wanted to get it out of my system. It took some doing, but I convinced myself to let my emotional guard down, and broke down crying in the nearest restroom at my workplace. My boss, aware of my recent workplace trauma, let me go home early, and I talked with a counselor in the company's EAP when I got home. Now, it still hurts a little, but I feel much better knowing I've finally let myself process my sadness rather than ignoring it. It's kind of weird, isn't it? I don't like feeling sad, but at the same time, I *wanted* to. I think I've been trying to block or ignore bad feelings for so long that part of me missed being sad about something. Sure, it hurts, but it feels cathartic to let it process through my system. Has anyone else ever felt like that?",ptsd,depression,0.9951568245887756
"Gonna quit cycling cos it gives me too much anxiety and depression I got into cycling last year because I wanted to be good in a sport, but it's impossible especially with my chronic fatigue, anxiety and depression, I cannot physically recover after exertion and other cyclists are so competitive I've spent thousands of dollars and this sport has given me lots of stress and depression with very little joy. I guess I was right when I said life is inherently crap and everything will bring pain one way or another, but nobody ever listens to me. It's time I start listening to myself.",anxiety,depression,0.9970775842666626
"Is it normal for a 15 year old to go to the gym? Im currently doubting wether or not i should go to the gym to get in better shape. I already lost a bit of weight and i thought that a bit of exercise wont hurt to be more socially active. Im just wondering if its normal for someone like me (15M) to go to the gym, should i be older?",anxiety,normal,0.9987199306488037
"i fucking hate it its like someone is hitting my chest with a hammer. as if my heart was trying to squeeze through my ribs. as if someone was choking me 24/7. even if im at home. i cant relax. its so painful. i wanna make it stop. my heart is going to eventually give up, i feel like it. sometimes it stops for a bit. sometimes it goes too fast. i cant handle it anymore",anxiety,ptsd,0.9453469514846802
"I just want to reassure, you re not alone. And you re worth every bit of clear happiness you want. I saw this on another social media platform, and it really hit me. I feel like someone else might feel good too. Dear person reading this I hope your day has been going well, if not, I hope it gets better. You are an amazing person who will inspire others to do great things so keep up the hard work. I know you may feel unimportant or insecure at the moment but know that you are a beautiful human being inside, outside and you are important.",anxiety,depression,0.9799212217330933
What's wrong with me My whole life is failure after failure. I have never felt like I belong anywhere I'm standing since kindergarten. Everyone leaves me no one ever understands and I don't think I understand myself anymore. I keep trying to get better but I fail every time and I don't know what to do anymore. I've been alone my entire life no matter how many people are around me and I don't understand why or what to do anymore I can't keep being alone but I'm too afraid to do anything because I know I'll fail like every time,bipolar,depression,0.9693433046340942
"How do I know? (im a reddit noob) If you want a novel to read have at it, this chat was over the course of \~13 months, we eventually stopped talking because she was depressed and had a ton of schoolwork so she never had time or energy tell me if how she is acting is depression or she doesn't want to talk to me anymore (our discord logs): [ any outside input would be great",normal,depression,0.990142285823822
"social skills My social skills are at an all-time low, my mind always goes blank when talking or texting and I have a hard time coming up with something to say. I can t think of a good response, question or topic. My conversation are always short and boring and I don t know how to converse with new people. Is there anything to help and or some book recommendations.",depression,anxiety,0.8778751492500305
"Am I in the wrong here or my girlfriend So I told my girlfriend that I'm going out to drink with my friends at king's day(celebration day in the Netherlands), she tells me she doesn't want me to drink and if I do she will get mad and ignore me and stuff, I told her that I almost never drink like maybe once in a few months and this is a special occasion and I want to go out and have fun. I mean I'm an adult I know when it's enough and when to stop, I have been doing it for the past 19 years and nothing bad has happened, is this really my fault?",normal,anxiety,0.6136862635612488
"It s 3am and I m afraid to go to sleep. Again. I ve been sick for awhile. Not with a cold, or a flu, or something I can just bounce back from in a few days. It s bigger than that. I am seeking multiple specialists but the wait time is atrocious and I don t know if my body can handle a couple more weeks until my pre-surgery consultation. I m now underweight and can t stop losing weight. I m scared I will have a seizure when nobody is around to get me help. I cry all night because I m tired and I fear not waking up the next day. My body is shutting down and finally giving up on me. I m in college and I have so much I need to accomplish and live for. Any hospital I go to will tell me, We don t have anyone here that specializes in this. You will need to call the specialty surgeon for advice. I ve called 4 times this week and each time I ve been told, I m so sorry but the schedule is booked for pre-surgical exams. Are they going to just let me die? Nobody seems to think losing 35lbs in a month and having a pre-existing history of seizures is serious. I don t know if I have any strength left in me at this point.",anxiety,depression,0.9946151375770569
"Tips to hide my face without attracting attention, anyone? As per title. I just need some tips if anyone has them. I don't wanna look at myself in mirrors or such, I don't want others to see me. But I need to go out. I've thought about sunglasses, scarves, but I'm a guy, a big scarf is just gonna attract attention. A cap isn't really gonna help either by itself. Any tips?",depression,anxiety,0.9631389379501343
"My house was broken into and robbed Came home yesterday to find drawers thrown around, my clothes thrown on the floor.l, all our TVs gone, some of our consoles, the games for those consoles and... two giant cute plushies that I love to hug and comfort me. They took them. Assuming they're guys, maybe one had a gf he wanted to gift them to?? I feel so violated. Why did they have to take my stuffed animals?? I woke up today feeling fatigued, the knots in my back hurting immensely, and my chest feeling cold and tight. I don't know how long it will be until I feel okay again. A year? Two years? My room was my safespace, now it's just a reminder of how fucked up people are. I lay in bed wondering if they sat on it, how much they touched it. Were they watching me through my window? We are insured so our stuff can be replaced. What I want more is for whoever did this to be caught, and I have a feeling that won't happen. I have 1 lead if anyone is curious to hear. I feel a bit better after venting now.",anxiety,ptsd,0.993746280670166
"Am I just plain weak or is it something else? Everyone's family screws them up in some way. If not your family, then your partners will. In any way you're screwed. So when I try to tell my friends about this, the response is almost always that they have been through worse. That what I'm going through and which is getting hard for me, is something they face every other day. Almost invalidates what I feel and makes me feel like I'm overreacting. So wtf is it then, if everyone is getting fucked by someone or the other, when does something ""qualify"" as serious and worth mentioning?",bipolar,depression,0.8998374938964844
I thought this community was friendly... I just made a post earlier and all I am getting is criticism. Isn't it enough that I am considered a joke in real life? Now I am also on the internet? What is happening?,depression,anxiety,0.5626726746559143
"I hate everything about my anxiety and depression, but have a love/hate relationship with the insane IBS it gives me.... I know I m not the only one out there whose body is affected negatively by their mental illness. I ve lost hair before, my back will break out with acne, I have bad aches and pains, sleepless nights, or 18 hour sleep days... and the best????? IBS or at least that is what the doctor and I think it is right now.... hopefully won t get worse and won t turn out to be somethings worse.... I have had body image issues for a long time, basically due to my mom and my most recent ex. And I m in a very stressful living situation with my ex and my anxiety and PTSD along with depression is going full swing.... then one day BAM! IBS hits me after 9 years of remission from it.... I feel like there is something wrong with me bc I see it as a blessing, almost like self injury... I don t have to actually hurt myself to feel pain... my body does it for me and I can t eat much and I see myself slimming down a lot..... I think it s messed up the way I am thinking, bc of course I hate it but I love it..... anyone else go through this before or dealt with bad IBS?",depression,anxiety,0.9662779569625854
"Every night I say to myself, I'm going to be productive tomorrow... It never happens...",anxiety,normal,0.8130676746368408
"I continued to do something that was wrong even after my wife said don t do it. I feel bad and don t know what to do to make it up. Excuse the weird subject. We are buying a house and I felt wronged how the deal went off. I wanted some free stuff and didn t get it. A few friends got free grass, closing costs paid, etc. I didn t get it, hence my frustration. I went onto twitter and wrote a pretty nasty post to the company... Well, they responded back and my wife said. Honey, please leave it alone, we are getting the house and that all it matters . I heard her, but I continued to talked crap on twitter. Things escalated quickly and now the district manager wants to talk to us face to face. My wife is clearly upset because I thought I was going to get a better deal or just because I acted like an elitist. I know this is a first world problem about a house, but I do feel bad. I think I should have listen and I hope I don t lose the house because of my tweets.",normal,anxiety,0.9611657857894897
"Has anyone been prescribed Lamictal (Lamotrigine) to treat their anxiety? (Or, I guess, to treat anything else) Hi all, I m new to this sub but it seems like a good place for advice. After trying different medications for anxiety (I m currently on Welbutrin for depression as well), my psychiatrist prescribed Lamictal to decrease anxiety. We talked for a while about the risk of Stevens Johnson Syndrome (SJS). Turns out this is the same thing that sent a friend of a friend to the hospital last fall with severe burns, and today, coincidentally, my mom sent me a news story about a teenager in LA who had a severe reaction as well. After some research, it seems that side effects can be all over the place; but my doctor says that if used cautiously, it can yield promising results. This wasn t our first choice in meds but the others have not worked well. My question is, has anyone been on this medication? Would you recommend it (or against it as well)? Trying to get a feel for just how common negative effects are.",anxiety,bipolar,0.9977729916572571
"I am struggling to accept that my mother will always think I'm a disappointment My mother always had very high standards which lead to a lot of arguing. I was never allowed to make normal 'child' mistakes. I got a long list of chores and if I didn't complete it to 100% perfection then came the yelling. And I could never do anything perfectly for her. #x200B; On the other hand, I was 'gifted'. My parents took me to a lot of psychologists and professors who IQ-tested me and I started school 2 years early. I enjoyed learning, and tbh I enjoyed being told what a super clever, special kid I was. But the age difference meant that I wasn't really accepted in my class and always had very few people who would even talk to me. My mother made sure I could have many hobbies and actively supported me, but only in the things she thought worthwile. #x200B; As I grew older, it became clear to me I was growing up to be a very different person than her. Where she is all about cleanliness, I am messy and disorganised (I have ADD, so....). Where she is practical and always eager to tackle work, I am laid back and clumsy. We have almost nothing in common. I'm depressed and don't have a lot of mental energy, and have largely abandoned my creative hobbies which disappoints her further. I think she expected that I would stay on the track to be this super wonder child and probably write my first bestseller with 12 or something. Instead I have turned to partying, music that she doesn't like and sports, but just for fun, not competition. #x200B; She never kept it a secret that she is disappointed in the way I 'turned out'. Just a few weeks ago she told me I could be more attractive if I tried, I could make more out of myself etc, I am abnormal for being single and will probably die alone, and that even when I was a kid she never knew 'what to do with me'. Now, I am used to that kind of talk and usually it would just roll off my back, but for some reason this time it really hit me. We had a huge argument which ended with me telling her to leave my place and not contact me again. #x200B; It's now been one month and for some reason this time reality is really setting in for me. I think I've finally lost hope that we could ever have a good relationship, and that it's better if we have next to no contact, but also recognizing this has pushed me further into depression. I really struggle to accept once and for all that she thinks so badly of me. Probably made worse by the fact that she is now trying to make up and has sent me voice messages where she is crying about how she knows she wasn't a good mom etc... but I just cannot forget all the insults and hurtful things she has hurled at me. It feels like talking to her again would be pure hypocrisy knowing what a failure she thinks I am. #x200B; This last week I've barely had the strength to get out of bed in the mornings and I cry every night. Although I know that she isn't 'right' about it I now struggle with all these feelings of being a failure that don't even really come from me, but I guess I've absorbed them over 24 years of being around her. I am in therapy but I don't feel like my therapist really understands what I'm talking about most of the time and I've already switched therapists twice. #x200B; Any of you have a similar relationship and tips how to deal with this? \--- #x200B; \*\*tl,dr:\*\* My mom thinks I'm a failure and a disappointment. I never cared too much but suddenly I do after I cut contact with her. Now I too feel like a failure. How do I deal with this stupid relationship?",normal,depression,0.9851887226104736
"Today I hung up my clothes Such a small, seemingly insignificant thing, hanging up and generally putting away clean laundry but to me, and I know many others here, it was a huge step (forwards I hope!). Two weeks ago i split with my boyfriend. Since then, despite my anxiety being extra, I have managed to keep my house clean and tidy (with help from my kids) and more importantly for me, I've put away all of my clean laundry!!!! Usually the visible parts of my home are kept tidy and clean and everything else goes to the dogs. But not at the moment! My bedroom has a visible floor! I am taking this victory and running with it! Here's to the small steps forward!",depression,anxiety,0.997012734413147
"Venting sorry I ve just moved to my second year uni house, I ve been here two days and I m already struggling. Making friends is exhausting, going out is exhausting, making food is exhausting, doing laundry is exhausting. I don t think I m going to make it though uni this year, I can barely cope without having work to do. I feel so guilty because my parents are paying so much for me to be here. They are so supportive and I know they wouldn t be angry or upset with me but I m already putting my family though so much with the court case and I feel like I m letting them down.",ptsd,anxiety,0.5901265144348145
"Best antidepressants/anti anxiety medications that are less likely to negatively impact sleep, weight and libido? I m considering going back on medication, I tried 10mg of viibryd for about 5 days or so and already noticed it making my insomnia worse so I stopped taking it. My anxiety is a lot worse than my depression so I would need something more geared towards helping anxiety and I d prefer something that doesn t make me gain wait, affects my sex drive, or makes my insomnia worse. Would love to hear about people s experiences of what has and hasn t worked for them! Thank you everyone!",depression,anxiety,0.995265007019043
"I really struggle getting close to someone in a relationship. It s like as soon as I think I might start to really like someone, my brain flips a switch and I m repulsed by the thought of them. I have to force myself to see them when I m anxious and end up having a great time. I cannot feel love. I m honestly so sick of this cycle. I just want to love and be loved and it s like I m not capable of it. What is wrong with me and how do I fix it?",ptsd,anxiety,0.9522682428359985
I can t stop thinking about my boyfriend getting in a car accident Please make it stop lol,anxiety,depression,0.4321516454219818
"My therapist just fired me because I m too much of a safety hazard, so naturally I want to die. I mostly am just looking for some support, still too new to talk about what went down with my old therapist. I don t have many people to talk to and I m really upset right now. Trying my best to stay safe",bipolar,ptsd,0.9953798055648804
"betrayal and fear? There s this somewhat new friend I have.. a man in his 30s like myself... he was being hurtful and condescending the other day, so yesterday I told him that I don t want to talk to him anymore, how I won t tolerate him being that way. He said okay, goodbye , and then i replied with how there s some divide with us, how he seems different.. then he said you remember that girl you asked me to text? sure you do. I know all about you. (I said he s creeping me out) you creep everyone out buddy. trust me ... and then he blocked me. Some context; Last summer I was close with this girl for a few months, and then she backed away abruptly because she had a nasty breakup with her long time (now ex) boyfriend, and needed space from all men... and when I tried to continue talking she blocked me... I then asked this man to send her a text of mine to her. He doesn t know her, he actually doesn t even live in the same state. a day or two after the text was sent, i visited her at work as a surprise... she got scared and called the police to warn me not to contact her, per her request. She also most likely blocked my friend who texted her. Anyways, what on earth does this mean, like what he said to me? why bring up a text he sent to a girl like 4 months ago? why say he knows all about me ? those are scary things to say to someone. it s been stressing me out all night and now all afternoon..",ptsd,anxiety,0.9954566955566406
"Why do people keep minding my own business?? I always say that the people in my classroom suck. Usually it's because they care about nobody but themselves, but lately I've been assaulted by obnoxious claims and awkward questions. I've been stopped by a group in my class (there was nothing else to do and I couldn't leave so I played along). They started by claiming I smoke weed, then asking me if I'm into my crush with my crush sitting on the other side of the class, then a guy who's been a bully to me played nice and asked to explain what he's done to me (which I didn't do because I didn't want the rest of the class to know about it). You'll just say ""you should have left"" or ""you should have told them to piss off"" but I wasn't thinking straight and I just stood there. It comes natural to me to answer more or less honestly. The issue is people shouldn't even feel entitled to that",anxiety,depression,0.9724133014678955
Do you ever walk around your home for hours doing nothing? I do this often and then it s like I snap out of it and realize hours have gone by.,bipolar,depression,0.9890705347061157
"My girlfriend cheated on me and I don t know what to do because we have a 1 year old daughter together I m 29. I have been with her for 6 years. We have done everything together and I really loved her with all my heart. My previous girlfriend before her also cheated on me but when I met my current girlfriend I felt a lot better and I never felt as happy as I have with her. We had a babygirl together last year. We have been talking about getting married and finally buying our first home together. I never thought this would happen and this really smacked me while I was off guard. I feel like trash, worthless, back like if at was at square 1 again. I never expected this. I am really worried for my daughter future. Really really worried. Worried if I m going to be replaced, if she will grow up witha loving, happy family, worried because I never want her to struggle. I grew up with no father, he was abusive and overdosed on heavy drugs after he left my family in the gutter. I was always been extremelly poor as a kid and I barely made it out in life. My mom raised me by herself and I started working and trying hard in school at a very young age because my mom has a lot of diseases and her medicine was expensive, insulin and the pills were expensive. I tried to keep her alive as long as I could but unfortunately she passed away when I was only 17. It is really sad looking back at that. Basically how my grandfather passed away, my grandmother passed away because she was extremelly unhealthy and didn t take care of herself and didn t want to go to the doctors to get better. I was there, she passed away in my arms. I was always her favorite grandson and it was really sad to see her go that way, she couldn t even talk or drink her last few hours and we couldn t keep on letting her suffer so we let her go in peace. I don t want my daughter to have to go through shit like this. My girlfriend told me about her cheating. Apparently things got crazy at a bachelorette party and she got involved in it. This is really fucking with my mind. Drinking and smoking green is barely helping. That feeling just keeps haunting me. Food is disgusting to me now and I feel like my stomach is turning so I avoid eating for now. I talked to her about what she wanted to do and she said she is already make therapy appointments and she wants to give me all her passwords and accounts. She cried and begged me to not abondon her and she apologized so many times and told me she will do anything to make all this go back to normal. I am still fucked up from all this and I feel like the nightmares don t let me get any sleep and I fear for the future TD;LR my girlfriend cheated but we have a babygirl together and I am really scared for her future, what should I do?",normal,depression,0.9800006747245789
"Reoccurring thoughts of hurting myself. Hey all, throwaway here. I'm a 24 year old male who's had some pretty bad anxiety since I was in highschool. I don't want to talk about myself too much, I grew up in a pretty aggressive and some people would call it, abusive household. Highschool was fine, I remember walking to school and there were many days where id get halfway, start to think too much about what could happen, get scared, then go back home and sleep all day but overall I had a good group of friends and I don't think many people hated me, just they thought I might've been a little weird. Anyway things are getting very stressful lately, I left my job at a hotel because I would get visibly nervous anytime I had to talk to a customer. One of my shifts I couldn't stop shaking and ended up calling my boss, he let me go home that night. This is the first time I've been unemployed since I was 16. I currently live with my mother whom most of my friends have said is bi\-polar and I believe them. I can't tell how she's going to be one day. She could not talk to me when I see her one day, or yell and berate me anytime I see her during the day. Because of the fact I'm not working \(I've been seeing a therapist and have started taking medication, I didn't tell her and telling her I feel would make things a lot worse\) she keeps threatening to kick me out. I remember since I was in highschool, she would point out the homeless people and say that would be me one day if I don't get my shit together. The thing is, is that I DO have a job lined up and it's a guarantee I'd get hired, but thinking about meeting up with the boss makes me very nervous, typing about it and makes my heart race. I have a friend who said he'll let me live with him if I get kicked out, but I don't want to do that to him. I've hurt myself in the past \(cutting, burning\) but lately my thoughts have become more violent and often. I've always thought since I was a kid that I want to die by bleeding out, and lately I've been thinking about stabbing myself in the stomach with a knife. My thoughts start out with daydreaming about it, then telling myself I could do it if I had the willpower. Ill grab a knife, point it to my stomach but I get a very sick feeling when I do that. My body will get very tense if I think about it too much and I'll end up sleeping it off. I'm not totally afraid of death, I'd be lying if I said I wasn't afraid, there's a part of me that doesn't want to die yet but I can't stop these thoughts. I've tried, but they keep coming and they will until I actually do something. Sorry if this is long, I just wanted to get this out there I guess. tl;dr: Pretty bad anxiety as kid, might get kicked out soon, reoccurring thoughts of stabbing myself in the stomach and bleeding out.",anxiety,bipolar,0.7594058513641357
"Next week i have at last 4 tests in school which i cant fuck up because of my marks monday, wednesday and the two most important on friday. and i have no idea what to do because no matter how i try i fail",depression,anxiety,0.6412922739982605
"How do I deal with this ongoing argument between me and my mom This has been a repeating fight for about 3 months now. It always starts the same. on the 1st I say I need my money so I can budget and figure out what I need to spend this month. She says okay well let's sit down and do it together my responses is always ""I can do it on my own mom just give me my money and I'll deal with it."" and I have for the last 2 months I have budgeted it on my own. she always responds with well you're not getting your money until you sit down and talk with me. I don't know how to get to my SSI as the money is deposited into her bank account I've been meaning to change it to mine but she still has access to that. I know that in my state I know that in my state (Oregon) she legally cannot hold that money from me but I don't want to call the cops is there anything else I can do? She also brings other issues into the fights with everything from you need to do better at school and we need to sit down and talk about that and then you get your money too I don't think you can Budget on your own let me help I say no and she refuses to give me the money until I do sit down. Tl;dr: every month my mom refuses to give me my Social Security money that I live off of until I agree to sit down and talk to her about how I a legal adult I'm going to spend that money this month I feel trapped and don't know how to deal with the situation. P.s. I feel like I should put this out sooner than later so apologies for grammar, punctuation in any other errors.",normal,anxiety,0.7490274906158447
Who saw the Joker movie? Your thoughts? When I see stuff like that and people praising it all over I think to myself we will never be able to be out in the open about mental illness.,bipolar,depression,0.6426194906234741
"I did it! Took a massive step and finally accepted my referral for therapy last week and had a phone appointment today. I start therapy next week for every two weeks. I literally cried when I actually said for the first time, out loud that I was abused as a kid. Long time stalker of this sub but it helped immensely and I'm actually doing something about it and although I am terrified, I know im gonna be much better, eventually! I haven't told anyone about my therapy appointment as I'm so obsessed with appearing strong but since I was letting things out, I just wanted to tell someone. Even if nobody reads this, I couldn't care less. I'm just happy it's happening.",anxiety,ptsd,0.997262716293335
Depression and Anxiety are no joke Let me share my coping method for anxiety attacks and depression: Music Therapy pet Cooking and eating out Coffee Long walks and long car rides Kpop TV Books Shopping Friends Family Support Love to you all,depression,anxiety,0.7436596751213074
"I (21, f) tell my bf (23) stupid lies to make myself seem more interesting? This is so embarassing.. but hey all! I ve been with my boyfriend for the past 8 months. I tend to lie about super dumb things like.. that I have a brother who smokes weed (I do have a stepbrother technically so I refer to him), that my dad was a comic book artist (he did used to draw comics), that I had a new job after I was gonna get fired from our job. It s dumb little lies to make myself more interesting or not. Or that I m throwing up to see if he cares about me or something. I get very insecure as I have borderline personality disorder and I have yet to tell him. My question is.. how do I stop with these Little lies? I m getting real sick of it. I m not doing it to be malicious. A lot of this has to do with my anxiety too. If there s nothing to say, I make something up.",anxiety,normal,0.9965062141418457
"I told selected friends I'm going to rehab on thursday. They're like oh my god, that's great. It's about time you realized you were hurting other people too. Me: I meant for my shoulder",normal,bipolar,0.5896543264389038
How do you feel about students observing your support group? Had two students sit in on mine tonight. I made everyone uncomfortable when I said it seems like a man going into a women's locker room. It seemed like I was the only one that felt this way.,bipolar,ptsd,0.9900698065757751
"If it s getting late and you re super overtired but your mind is going in overdrive, how do you get to sleep? I ve had a bit of a perfect storm of work pressures and home life pressures of late with other stressful events looming on the horizon. I ve been without much sleep the last few nights, I know I m exhausted and I need to sleep but it s just not happening. How do you wind down, Reddit?",anxiety,bipolar,0.6277618408203125
"I want to get a dog, but is it fair!? I m an animal person, I ve always grown up with at least one dog and a litter of cats (I lived in the country). My therapist really thinks I would benefit from getting a dog, I have the coolest cat who prefers dogs anyway, the more I consider it, the happier I feel... but I m very depressed/anxious, you guys understand what that means... so I want to ask your opinion, is my becoming a dog owner a good idea?",ptsd,depression,0.9974849224090576
"I'm in need of psychological help but don't know where to start I'm not sure if this is the right sub to write this so please remove if not. I'm looking for some psychological help for my anger management, stress, (previously diagnosed as ADD), childhood trauma, etc.... I have researched the difference between psychologist, psychiatrist, counselor, therapist and I get that one can prescribe meds and another can't but I don't know which would be the best route in helping me with coping. Does anyone here have experience going to one or the other? --- **tl;dr**: Who should I go see a psychologist, psychiatrist, or?",normal,ptsd,0.9689317345619202
"Just Rambling, Don t Mind Me. I just need to ramble for a bit because I ve just realized how bad of a depressive episode I m having and don t know who I d even talk to if I wanted to vent face-to-face. I m usually riddled with anxiety, which, even though it definitely has its drawbacks, usually ends up at least making me a bit productive. However, it just hit me. This last month or so, I ve been a slug. I can t find the will to do anything with even the slightest hint of enthusiasm. I m exhausted and can t muster the courage to care about anything important, let alone myself. I ve been going through motions and trying to find happiness in day-to-day life. But I just can t. I m tired of it all. Everyone is just so... tiresome. It s as if when I try to be happy, all I can see is other people s misery. And that just... well, it brings me back down. I feel wrong being content when the people around me aren t. It s so draining to try and be present for people, to try and left them up, when it feels so.. pointless. It reminds me that I m completely worthless. If, at my best, I can t make others smile, then what the fuck am I? I ve never felt more isolated and alone. I need help from those closest to me so fucking back.. but I can t ask for support when they clearly need it more than me. I ve dedicated my life to helping people. And while I can find so much comfort while I m at work knowing that I m at least making a minuscule difference in a stranger s life... I fall apart when I realize I can t do that for the people I hold dear. I suppose it s no use trying to help someone fix something when I m broken myself. But I wish I was able. I feel like I m of no use to anyone. And it just hurts. Like.. if I m so useless, then what s the point, you know? Nothing has meaning today, and I hate how selfish that statement makes me. But I m tired. Tired of trying to be present when so many people seem to have checked out mentally. Tired of putting forth so much effort only to be met with this weird apathy. I ve fallen into a pit of grey. All I have are various substances to numb any feeling that might slip through the cracks. I just don t know what to do.",depression,bipolar,0.7634137868881226
"Losing my step dad My step dad passed away on Monday, he was in hospice care. I was there as he took his last breath and I watched the life drain from his body. That experience has changed my outlook on life. I no longer want to kill myself. I don't know if this is a permanent thing or if those feelings will someday come back but for the first time in years the thoughts are not in the back of my mind.",bipolar,depression,0.9968317151069641
"Trouble getting over This is difficult to even post, as I've never really put it into words, especially not to anyone else. I had a relationship with someone for a few years that ended about three years ago. I was going through some stuff and really messed up on various levels. It ended, and I was absolutely heartbroken. We ended up spending that next year being on and off, but I still wasn't pulling it together enough to make it work. Basically, I wanted instant commitment and was too impatient to see it happen organically. There were factors behind this, mostly because I had a then 4 year old and was ready to settle down. I'm a very impulsive person. I brainwash myself into believing I know what I want before I really do. I ended up in a whirlwind relationship with someone new, and within a year we were married. I thought I had truly found love. During this time, I thought I had forgotten about my ex. Now, it's 2 years later, and I think I made a huge mistake. I've had another child with my husband who I love and adore, and I love my husband, but I don't think he's the one. He doesn't have the determination and the drive for life I thought he had. We just don't relate on so, so many levels. It's making me realize how my ex and I were much better suited. I bumped into my ex a few months back and since then we've had a few back and forth emails (mostly initiated by him). All the old feelings came flooding back to me. Talking to him again made me re-realize the connection we share. He's engaged and having a baby. I would never do anything to ruin his happiness. My problem is, how can I be fully, totally happy myself? This post isn't to pose the possibility of reuniting with him. I understand that will never happen given our circumstances. I fully understand I have a tendency to rush into things, so I don't need to hear reminders. I know this is why I'm in this situation. I just am having trouble coping with the realization that I might never find that happiness with someone again, and what I once had so briefly is lost. I'm not sure if I'm searching for sage advice, relatable stories, or if I just wanted to finally put words to my hurt. #x200B; TL;DR! I'm married with kids and a recent encounter with an ex has my world upside down",normal,depression,0.8819582462310791
"Help figuring my brain out? Im a 22 year old female, been in a relationship for almost 10 years. My partner is away majority of the days (he works full time) and i work part time at a shitty customer service/till operator based establishment. Worth noting, i was diagnosed with PTSD, anxiety and clinical depression a little over two years ago, had an absolute killer year where i never left the house alone, had severe flashbacks, panic attacks, sleep deprivation, and solely relied on my partner as i couldn't mentally face having a job. I used to usually be a somewhat easy to chat to person, but its always small talk which stems into silences and lack of conversations to continue on, whether that's a part of my anxiety or just lack of urge to talk to new people im not sure at this stage, speaking to people is exhausting, i nap at least once a day just with the lack of energy/motivation Over the past 5 or so years, I've had a number of friends i can count on one hand, of which i no longer have contact with or speak to. Its literally me and my two dogs, all the time. And as great as my furry companions are to be in the company of i feel like im missing out on my ""youthful/social"" years and that this will be a massive regret for me as i grow older. I see people around me engaging in group activities (days out, ""fun stuff"") and i feel envious, jealous, spiteful. I think about i were to get married, or if i were to die, how many people would actually have connection to me? How many would care to attend? But then again, do i really want to participate? Do i really want to make new friends? Do i really care if people care about me? Not really.. But at the same time, a nagging part in me does. Its hard to explain how i feel, or what's going on in my mind in terms of all of this conflict, because i can happily sit gaming for weeks on end by myself and not be phased by not interacting or engaging with people or activities, but again, there's a naggling thought in my head that keeps intruding. Example of the naggling thoughts; I spend about 3-4 hours maximum with my boyfriend every day, due to him having more of a social life/friends and things to do after he finishes work, I've found myself becoming somewhat irritated by the fact i cant be in his company more often, and that's having a strain on the relationship. I've tried to explain to him but he seems to see it as ""i dont like anyone enough to make new friends"" or that its me that always has the issue with people, which i dont fully agree with, but i have started questioning if this is all on me. Does anyone have any form of insight on how i can figure out what to do? Or is this a one man mind journey? Am i just being a pain?",depression,anxiety,0.6833847761154175
I'm feeling shit so I'm going to drink I don't know what triggered it today but it sucks. I think it's been building up all week really and it just hit me today. Had a shower and cried for a while. Punched the wall a couple of times. I forced myself to eat and now I just want to drink so that I don't have to deal with reality. The fam and I are currently drinking together. I just hope they don't notice. I've hidden it fine before so I'm not worried. I don't know why I'm telling you guys this but idrc anyway.,anxiety,depression,0.9687179327011108
"I always feel trapped Long rambling text below. I just need to type this all out. I am sitting at work right now, shaking, heart racing, I feel like I cannot breathe and I feel like I am going to vomit. My anxiety will level out for a bit, and I will be functional for a few months, and then anxiety starts to increase, so I go back to my doctors and she increasing my medication. I just want to feel normal. It has been like this since I was around 22, I am 29 now. I work 45+ hours a week. I live with my boyfriend of almost 2 years. I am anxious to go to work. I am anxious to go home. I am anxious about seeing my boyfriend. I am anxious thinking about what to make for dinner, and what ingredients to buy, and going to the grocery store. (I have cooked every meal since moving in with him 7 months ago.) I am anxious thinking of things that are out of place in our apartment that are not mine. I am anxious thinking about going to bed and trying to sleep next to my boyfriend (I have never been able to sleep with someone else in the same bed) I am anxious about what to eat. I am anxious about gaining weight. Did I mention I suffer from anorexia with bulimic tendencies? Might as well mention my OCD, depression, and motor tics. I just do not feel comfortable. Part of me wants to leave the apartment. I feel most comfortable when I am alone, and I am free to do what I choose. But when I am alone my eating disorder spirals out of control, and I plan binge/purge sessions, usually on the weekends. I do have hobbies to try to keep my mind distracted. Reading, drawing, video games, pets. I am not that much of a social person, I do talk to people online sometimes, or play games with them. I just wanted to type this out. If you end up reading this, thank you, if not, that is okay.",depression,anxiety,0.9969747066497803
When you finally convince yourself to take medication... ...and you don t drink often so you decide to get all your drinking out beforehand. Then you remember how nice it feels to be tipsy and you start to think maybe you don t need your medication after all. An endless cycle.,bipolar,depression,0.9058230519294739
"Probationary Periods Suck! I just recently started a new job with my state two weeks ago and throughout the two weeks it's been such a emotional roller-coaster. From when I get to work to when I leave, I am emotionally stable. Me and my new coworkers joke around a lot and share stories and experiences with each other, and it's gotten to the point where my supervisors and managers joke around with me frequently too. My coworkers are always pulling pranks on me (in a good way, lol) and we are always laughing and having a good time to where the days fly by. I am by no means expressing my stress towards that at all. The more emotional stress happens when I am leaving work. I recollect what happen that day and review the timeline and I cannot help but think I am going to get let go on my probationary period and that my job is doomed from the start. I am trying my best at work, I show up 20 to 30 minutes early every morning, I have not been late any day, I have not left early for any reason, I have not conflicted with any coworker, I have not caused any damage, I have been getting along with everyone swimmingly and they seem to enjoy my presence thoroughly. It sounds great on paper, but in my mind when I am leaving work and when I am at home I just stew in my mind that I am going to get fired because of unknown reasons. I don't know why I am thinking this but I am overthinking it I believe. I know when coworkers pick on a new employee that is considered very good because they are accepting you into their group, per say. But the fear of not knowing the unknown is decimating for me. All I think is, ""Was I working too slow today?"", ""Was that statement my coworker/ supervisor said negative?"", ""Do they not like me?"". I'd rate myself an A to B employee when I am working but once I get home I rate myself an F. I have no idea why? Maybe it's just me overthinking the day or what. I don't know...",anxiety,bipolar,0.8242422938346863
"Has Anyone Else Ever Lied To Their Therapist About How They re Doing? (21F) Please no rude comments because I know this is wrong, but sometimes I feel really depressed, anxious, and passively suicidal, but I tell my therapist that my depression and anxiety are not that bad. I do this because I don t want a med increase/change, I don t want to end up back in the psych ward, and I don t want my therapist to tell my dad, because my dad views my suicidal thoughts as attention seeking behavior , and I don t want him to get mad at me for it. I don t want a med increase or change because of the way I m looked at as a drug addict and a pill popper when I m on multiple medications. I know I seem a bit old to still be reliant on my dad but please keep in mind that I have Asperger s, so it takes me a little longer to become independent than most people. I feel like the med change is inevitable at this point, so I m just going to have to deal with being a pill popper , but how can I tell someone about the way I truly feel without either getting put back in the psych ward or having my dad get frustrated with me? And has anyone else done this as well?",depression,bipolar,0.9695543050765991
Suicide hotline doesn't answer. I've exhausted all my options. Now what? I'm I just supposed to die at this point. I can't think of anything else to do.,bipolar,depression,0.9946639537811279
"I just cant do it anymore I hate work, i cant go it just kills me inside, i dont get paid enough, i hate the management, the customers annoy me, i just cant do it. i was supposed to work today but just didnt show up, theyve called me twice but i didnt pick up, my family doesnt understand. i hate it i cant do it anymore it eats away at me.",anxiety,depression,0.9179049134254456
"Struggling through a difficult night 19/F/ college student Sorry this is long: I had a panic attack tonight, it was the second one I ve ever had and it was scary. My friends and I were at a party which isn t my thing because I always feel nervous or uncomfortable at them. I only go in order to spend time with my friends and in some ways I believe it s one of the only ways to meet people here. I m the only introvert in my friend group which gets rough sometimes because I feel like they don t understand me. The panic attack was scary, I just remember getting more and more tense and my breathing became more labored and I started to shake so i decided to leave the party. I had a breakdown in my car, crying uncontrollably and all and I decided to stay in the parking lot because I didn t want to leave my friends stranded since they didn t have money and I was the only one with a car I waited two hours for them to come out because I didn t want their fun to be ruined. When one of my three friends came back to the car, I told him what happened and he said I should ve said something but he said oh god like he was annoyed with me like oh here we go again That made me shut down further. Once my other friends came back I drove us Home and cried the whole way there. After dropping the first friend off, I told The other two what happened and I didn t get one reaction whatsoever. They just kind of ignored it and continued a conversation which hurt and i started crying more. One of the friends consoled me a little after I kept trying to tell them how scary it was for me and that I was suffering, but it hurt that she didn t do anything until I had to say I know y all probably don t know how to respond but... over and over. The other friend didn t acknowledge it at all and kept going about her business. This genuinely hurt my feelings and I never talk about my feelings so i just felt invalid when I finally opened up for once. I found some solace in my two friends in another state that I called but i needed someone who was physically there. I ve been crying off and on, but what do you suggest I do? I feel so hurt and disappointed by them but am I overthinking this?",depression,anxiety,0.9960002303123474
Wellbutrin and Remeron Combination Have you ever been on this combination. What were your experiences? Did it treat your depression? What dose?,bipolar,depression,0.9910410046577454
"This is my final month I'm attracted to younger boys. Between the ages of 5 and 12, although I am still attracted to people my own age (18). I would never do anything to a kid, in fact I love kids and in real life I'm really good with them. I was molested when I was six. I think since then my brain has associated sex with kids. I've never done anything to a child and I never would. I've never looked at CP, but I have looked at innocent pictures of younger boys and I have fantasized, even about kids I know. I can't live with it anymore. I'm going cold turkey but starting 1st March, if I ever fantasise about a kid ever again I'm ending my life because it's too much to live with. I'm not scared I might hurt a child; I know I wouldn't ever do that. I don't see myself as a threat; in real life I can't think about them like that at all. But just the fact that I have, at least in the past, felt an attraction to kids is just so much, and if I can't leave all that behind by going cold turkey, then I've decided I will have to leave this world behind too.",depression,normal,0.5973048210144043
mental health **Is mental health (depression and anxiety) people just being too much in their heads and thoughts or an actual disease that should be treated with medication?**,depression,anxiety,0.920539915561676
"Pre shift anxiety so I work for a starbucks inside albertsons. I've been here for about a month and everything has been going okay. But I've found that I always without fail get anxious about the day ahead of me, I've been this way since I got my first job 4 years ago. Once I go to work I'm 90% better, but it starts again the next day. You would think that if you had a good day then it would disprove all the worries you've had, but there's always the thought of ""today was good, but tomorrow could just as easily be terrible"". I know many of you deal with this as well but I just felt like ranting to people who would actually understand me, after all misery loves company. I'm about to go into work and I'm dreading every tick of the clock. Good luck to everyone else who's fighting the good fight today.",bipolar,anxiety,0.9981379508972168
"Fear of myself. In elementary school, I was eating lunch when the counselor walked up to me and put her hands on my shoulders. She brought me back to her office, where my aunt, and my sister were sitting. I didn t know where my mom was. The counselor said in the softest voice, You re dad is watching over you now. I didn t grasp it quite fully until I was driven to the hospital to see his body. He d died of an aortic dissection. My brain didn t know how to process any of it and I simply broke down and had to be dragged away. In middle school, I got bullied because I wore the same clothes and because of how badly my teeth are misaligned. I also developed a crush on my best friend, who was a girl (I am a girl.) At the end of the year, on the last day of school, I texted her and told her that I had a crush on her. She simply replied, Eee All my friends stopped talking to me, and the bullying was heightened. One girl even taped a piece of paper to my back while we were in class, and I got up to go sharpen my pencil. Everyone started laughing as there were gay slurs written on the paper, and I had no idea. I tried to laugh it off with them. In my senior year of high school, when I was 17, I got into a car accident on the way to pick up my sister and I was fine, but the other person was not. His mother screamed at me, the crossing guard asked me, What the fuck is wrong with you! I was hyperventilating and when I got home, I hid in my closet and cried until I couldn t feel my hands and my face. Everyone was shaking their heads at me, my friends wouldn t talk to me. The mother of the boy wouldn t accept any apology from me, even my mother. In college, I started my freshman year and I was working simultaneously working at a fairly popular grocery store. I had to pay for the car my mother had gotten me in order to commute, and so I was working everyday that I wasn t at school. On a day that I got home from work and school, I had a completely unprecedented, massive panic attack. I was on the ground, my hands and feet were numb, and this started a downward spiral of my mental health. I went to the ER around ten times within the span of several months, and my primary care doctor said that she couldn t help me because of how severely psychiatric I d become. I was admitted to a hospital later that month and was discharged three days later with a slew of medicine that, to this day, reminds me that there s something wrong with my brain. In the time after I was discharged, I moved across a couple states to refresh myself and live with my current partner. I learned that living with other people can be tough when all you ve ever known is your family. I was at a loss as whether staying with my partner or going back to the place where I have a mild form of PTSD, which happens to be my home. I missed my family more than I ever had and hearing my mom s voice over the phone makes me tear up. In the last couple of months, I ve unintentionally made my partner cry, and made her felt like she s not doing enough to keep me happy, when in reality, it s my job to make sure I m happy, not hers. She s the smartest, kindest, most resilient individual I ve ever met. And to see myself be the cause of her tears has driven me over an edge of self-hatred. She s one of the only people in this world who loves me and I can t control what comes out of my stupid mouth. I feel like I was a mistake in her life. She s about to get her Masters degree in Biology and all I do is give her withering smiles as I haven t even completed my freshman year of college. She s so much to me. She s everything to me and I hurt her constantly. I make her feel like she s not the complete angel that she is. I m over it. I feel like life on this earth is meant for some people, but it s just not meant for me. I keep messing up. I keep messing up everything around me and I don t know how to fix it other than disappearing. I don t wanna take anymore medicine and I don t wanna end up in a mental health hospital with them injecting more stuff into my body. I thought I was doing well but I m not, because I keep hurting people. Even my mom. I just keep hurting everyone.",depression,anxiety,0.743769645690918
"had my meltdown lastnight i just want to say this, i had my meltdown lastnight... i pop the pill and increase the dosage 3x was hoping i could end everything..... and took me flat in just 30 minute... my body feel very heavy and my heart racing then totally black out... i know i shouldn't do that.. i cant take it anymore last night ... today woke up in the morning i feel empty... i dont know what to do... i feel nothing ....",bipolar,depression,0.9882291555404663
"if I could function I'd be perfect I struggle with functioning like a normal person should pretty frequently, although I'm grateful it's happening a lot less this year. #x200B; But every time I struggle with functioning, it's like this fog comes over me and inhabits my entire being where I forget even how to pick something up. I keep thinking if I had something to yank me out of the fog, that would help and bring me back into reality, instead of the foggy colorless infinity I find myself in. #x200B; I sometimes imagine if my phone could actually notice that I was entering a fog, it would notify the people who mattered and say the kind things I wish I would hear from another person to myself to keep me from spiraling. #x200B; It's a sci-fi blue moon of a dream.",depression,anxiety,0.8077573776245117
"Starting EMDR tomorrow Hi, I don t know if this is the place for this but I thought I d give it a shot. I am doing EMDR in therapy tomorrow for the first time and I m a little nervous. Does anyone have any insight or thoughts about their first time with EMDR? Thanks Also, EMDR = Eye movement desensitization and reprocessing",anxiety,ptsd,0.993533730506897
Talk to me please I need someone bpto talk to me.,bipolar,depression,0.9372151494026184
Do you ever get suddenly overwhelmed by things you've done plenty of times before? I'm in work in the morning and I'm just lying in bed dreading it and feeling like it's the hardest thing to do,depression,anxiety,0.3400244414806366
"Ideas to remember to take medication? Hello guys! I m hoping someone can give me advice on how to remember to take my medication. I finally found one that works for me but after the first month or so I always have a really hard time remembering to take them... I ve tried setting phone reminders but I end up ignoring them. And I don t have a set routine each day because I m working multiple jobs and in school so each day is different different time to get up, different time I m at home vs. at work or school, different time I go to bed. So unless I have my meds on me at all times, notifications haven t been super helpful bc I ll get it while I m at work and don t have them on me. And it especially gets harder when I start having a rough time, I don t feel as motivated to take them. And conversely, when I am doing better, I don t associate that with the meds even though I should, so I forget to take them. So... does anyone have any ideas LOL",anxiety,depression,0.8854442238807678
"First time meeting a therapist on Monday. What to expect? Like the title says I have appointment on Mondy with a therapist. I am stressing myself out as I don t know what will happen. Will it be 90 minutes of me talking? I don t think I have ever talked for 90 minutes to anyone. Please share your experiences, I would feel a lot better knowing what I could expect. Thanks!",depression,anxiety,0.9848253130912781
"How does your partner influence your diet/exercise goals? **Talk about your Diet and Exercise Goals!** You are being invited to participate in a University of Texas at Austin research study about dietary and exercise goals. Your participation is completely voluntary and anonymous. **You are eligible to participate in this study if:** You are 18 years of age or older * You are currently in a romantic relationship You are currently cohabitating/living with your romantic partner Have actively pursued a dietary/exercise related goal within the last 6 months Participation involves completing a 15-minute online survey. To participate, click on the link below to enter the online survey (if this doesn't work the link is also in the comments): [",depression,normal,0.9983848333358765
"I just want to go back Ever since 9th grade I just don t know what happened. Everything was fine,I had friends who cared about me, I would look forward to events or literally anything and I would feel excited about literally fucking anything. People thought I was some Super human for how fucking optimistic I was. All went to shit. I don t know what happened I felt the constant feeling that no one cares about me, that my friends were secretly talking shit about me behind my back. If my Friend didn t pick up my call I would literally go fucking insane, and would hours just thinking about this fucking shit. I still can t get over this after a whole fucking year. My grades have just tanked from straight A s to me getting my first D and even nearly failing a subject, but all I can care about whether or not people like me. I feel so lonely and am in constant despair if no one picks up my calls or responds to my texts. I just don t know what to do. My prelims are coming up and I m additionally taking an entrance test for a new school but I can t even focus on these things even though I know how important it is. I just want it all to go, I just want to be my old self. My mom tries to help out however possible and I ve branched out more, tried making friends but always end up in the same clique of people. I can t handle being lonely and I just want someone who wants to talk to me. Sorry for the messy... just... everything. Just wanted to see if anyone would listen",anxiety,depression,0.9965959191322327
